source,origin,destination,requested_origin,requested_destination,travel_date,airline,flight_numbers,departure_time,arrival_time,stops,total_duration_minutes,fare_amount,base_fare,tax_amount,currency,offer_id,booking_url,booking_method,collected_at
SerpApi Google Flights,AMD,BLR,AMD,BLR,2026-09-08,Akasa Air,QP 1901,2026-09-08 04:50,2026-09-08 07:10,0,140,9073.0,,,INR,,,SerpApi Google Flights,2026-09-07T16:25:14.204552+05:30
SerpApi Google Flights,AMD,BLR,AMD,BLR,2026-09-08,IndiGo,6E 823,2026-09-08 08:20,2026-09-08 10:45,0,145,10670.0,,,INR,,,SerpApi Google Flights,2026-09-07T16:25:14.204665+05:30
SerpApi Google Flights,AMD,BLR,AMD,BLR,2026-09-08,Air India,"AI 2504, AI 2849",2026-09-08 14:55,2026-09-08 19:35,1,280,10369.0,,,INR,,,SerpApi Google Flights,2026-09-07T16:25:14.204633+05:30
SerpApi Google Flights,AMD,BLR,AMD,BLR,2026-09-08,IndiGo,"6E 868, 6E 5323",2026-09-08 21:25,2026-09-09 03:05,1,340,9159.0,,,INR,,,SerpApi Google Flights,2026-09-07T16:25:14.204693+05:30
SerpApi Google Flights,AMD,BLR,AMD,BLR,2026-09-08,IndiGo,"6E 5146, 6E 5217",2026-09-08 08:05,2026-09-08 12:55,1,290,9885.0,,,INR,,,SerpApi Google Flights,2026-09-07T16:25:14.204719+05:30
SerpApi Google Flights,AMD,BLR,AMD,BLR,2026-09-08,Air India,"AI 2848, AI 2853",2026-09-08 12:00,2026-09-08 17:35,1,335,10369.0,,,INR,,,SerpApi Google Flights,2026-09-07T16:25:14.204743+05:30
SerpApi Google Flights,AMD,BLR,AMD,BLR,2026-09-08,IndiGo,6E 996,2026-09-08 23:00,2026-09-09 01:10,0,130,11405.0,,,INR,,,SerpApi Google Flights,2026-09-07T16:25:14.204785+05:30
SerpApi Google Flights,AMD,BLR,AMD,BLR,2026-09-08,Air India Express,IX 1508,2026-09-08 08:50,2026-09-08 11:15,0,145,17148.0,,,INR,,,SerpApi Google Flights,2026-09-07T16:25:14.204827+05:30
SerpApi Google Flights,AMD,BLR,AMD,BLR,2026-09-08,IndiGo,6E 863,2026-09-08 16:55,2026-09-08 19:15,0,140,11405.0,,,INR,,,SerpApi Google Flights,2026-09-07T16:25:14.204765+05:30
SerpApi Google Flights,AMD,BLR,AMD,BLR,2026-09-08,IndiGo,6E 481,2026-09-08 19:45,2026-09-08 22:05,0,140,13085.0,,,INR,,,SerpApi Google Flights,2026-09-07T16:25:14.204805+05:30
SerpApi Google Flights,AMD,BOM,AMD,BOM,2026-09-08,IndiGo,6E 6285,2026-09-08 04:00,2026-09-08 05:30,0,90,3903.0,,,INR,,,SerpApi Google Flights,2026-09-07T16:25:18.708715+05:30
SerpApi Google Flights,AMD,BOM,AMD,BOM,2026-09-08,IndiGo,6E 868,2026-09-08 21:25,2026-09-08 23:00,0,95,6943.0,,,INR,,,SerpApi Google Flights,2026-09-07T16:25:18.708849+05:30
SerpApi Google Flights,AMD,BOM,AMD,BOM,2026-09-08,Akasa Air,QP 1194,2026-09-08 04:50,2026-09-08 06:15,0,85,4233.0,,,INR,,,SerpApi Google Flights,2026-09-07T16:25:18.708799+05:30
SerpApi Google Flights,AMD,BOM,AMD,BOM,2026-09-08,IndiGo,6E 6205,2026-09-08 01:15,2026-09-08 02:55,0,100,4323.0,,,INR,,,SerpApi Google Flights,2026-09-07T16:25:18.708826+05:30
SerpApi Google Flights,AMD,BOM,AMD,BOM,2026-09-08,IndiGo,6E 6468,2026-09-08 09:00,2026-09-08 10:30,0,90,7468.0,,,INR,,,SerpApi Google Flights,2026-09-07T16:25:18.708871+05:30
SerpApi Google Flights,AMD,BOM,AMD,BOM,2026-09-08,IndiGo,6E 5146,2026-09-08 08:05,2026-09-08 09:35,0,90,7523.0,,,INR,,,SerpApi Google Flights,2026-09-07T16:25:18.708912+05:30
SerpApi Google Flights,AMD,BOM,AMD,BOM,2026-09-08,Air India,AI 2918,2026-09-08 06:00,2026-09-08 07:45,0,105,8441.0,,,INR,,,SerpApi Google Flights,2026-09-07T16:25:18.708933+05:30
SerpApi Google Flights,AMD,BOM,AMD,BOM,2026-09-08,IndiGo,6E 5139,2026-09-08 17:05,2026-09-08 18:25,0,80,7468.0,,,INR,,,SerpApi Google Flights,2026-09-07T16:25:18.708892+05:30
SerpApi Google Flights,AMD,BOM,AMD,BOM,2026-09-08,IndiGo,6E 5078,2026-09-08 10:55,2026-09-08 12:20,0,85,9463.0,,,INR,,,SerpApi Google Flights,2026-09-07T16:25:18.708953+05:30
SerpApi Google Flights,AMD,BOM,AMD,BOM,2026-09-08,Air India,AI 494,2026-09-08 08:45,2026-09-08 10:30,0,105,9800.0,,,INR,,,SerpApi Google Flights,2026-09-07T16:25:18.708972+05:30
SerpApi Google Flights,AMD,BOM,AMD,BOM,2026-09-08,IndiGo,6E 6351,2026-09-08 23:15,2026-09-09 00:30,0,75,10148.0,,,INR,,,SerpApi Google Flights,2026-09-07T16:25:18.708992+05:30
SerpApi Google Flights,AMD,BOM,AMD,BOM,2026-09-08,Air India,AI 2916,2026-09-08 17:55,2026-09-08 19:40,0,105,14599.0,,,INR,,,SerpApi Google Flights,2026-09-07T16:25:18.709082+05:30
SerpApi Google Flights,AMD,BOM,AMD,BOM,2026-09-08,Air India,AI 2504,2026-09-08 14:55,2026-09-08 16:35,0,100,14599.0,,,INR,,,SerpApi Google Flights,2026-09-07T16:25:18.709058+05:30
SerpApi Google Flights,AMD,BOM,AMD,BOM,2026-09-08,Air India,AI 2848,2026-09-08 12:00,2026-09-08 13:40,0,100,14599.0,,,INR,,,SerpApi Google Flights,2026-09-07T16:25:18.709032+05:30
SerpApi Google Flights,AMD,BOM,AMD,BOM,2026-09-08,IndiGo,6E 5160,2026-09-08 19:35,2026-09-08 21:05,0,90,11878.0,,,INR,,,SerpApi Google Flights,2026-09-07T16:25:18.709011+05:30
SerpApi Google Flights,AMD,BOM,AMD,BOM,2026-09-08,Air India,AI 2494,2026-09-08 21:00,2026-09-08 22:40,0,100,17318.0,,,INR,,,SerpApi Google Flights,2026-09-07T16:25:18.709103+05:30
SerpApi Google Flights,AMD,CCU,AMD,CCU,2026-09-08,IndiGo,6E 319,2026-09-08 22:00,2026-09-09 00:40,0,160,7034.0,,,INR,,,SerpApi Google Flights,2026-09-07T16:25:23.743445+05:30
SerpApi Google Flights,AMD,CCU,AMD,CCU,2026-09-08,Akasa Air,QP 1927,2026-09-08 14:25,2026-09-08 17:10,0,165,7485.0,,,INR,,,SerpApi Google Flights,2026-09-07T16:25:23.743517+05:30
SerpApi Google Flights,AMD,CCU,AMD,CCU,2026-09-08,IndiGo,6E 6556,2026-09-08 17:10,2026-09-08 19:50,0,160,7034.0,,,INR,,,SerpApi Google Flights,2026-09-07T16:25:23.743543+05:30
SerpApi Google Flights,AMD,CCU,AMD,CCU,2026-09-08,IndiGo,6E 751,2026-09-08 09:20,2026-09-08 12:00,0,160,7874.0,,,INR,,,SerpApi Google Flights,2026-09-07T16:25:23.743566+05:30
SerpApi Google Flights,AMD,CCU,AMD,CCU,2026-09-08,Air India,"AI 2546, AI 2702",2026-09-08 23:00,2026-09-09 04:50,1,350,9023.0,,,INR,,,SerpApi Google Flights,2026-09-07T16:25:23.743593+05:30
SerpApi Google Flights,AMD,CCU,AMD,CCU,2026-09-08,Air India,"AI 494, AI 2471",2026-09-08 08:45,2026-09-08 14:25,1,340,22389.0,,,INR,,,SerpApi Google Flights,2026-09-07T16:25:23.743618+05:30
SerpApi Google Flights,AMD,CCU,AMD,CCU,2026-09-08,Air India,"AI 2916, AI 2643",2026-09-08 17:55,2026-09-09 00:10,1,375,23153.0,,,INR,,,SerpApi Google Flights,2026-09-07T16:25:23.743642+05:30
SerpApi Google Flights,AMD,DEL,AMD,DEL,2026-09-08,IndiGo,6E 5385,2026-09-08 00:05,2026-09-08 02:00,0,115,5645.0,,,INR,,,SerpApi Google Flights,2026-09-07T16:25:28.690616+05:30
SerpApi Google Flights,AMD,DEL,AMD,DEL,2026-09-08,Air India,AI 2716,2026-09-08 14:00,2026-09-08 15:35,0,95,5803.0,,,INR,,,SerpApi Google Flights,2026-09-07T16:25:28.690682+05:30
SerpApi Google Flights,AMD,DEL,AMD,DEL,2026-09-08,IndiGo,6E 2340,2026-09-08 12:15,2026-09-08 14:10,0,115,5840.0,,,INR,,,SerpApi Google Flights,2026-09-07T16:25:28.690708+05:30
SerpApi Google Flights,AMD,DEL,AMD,DEL,2026-09-08,Air India,AI 882,2026-09-08 15:55,2026-09-08 17:45,0,110,5803.0,,,INR,,,SerpApi Google Flights,2026-09-07T16:25:28.690754+05:30
SerpApi Google Flights,AMD,DEL,AMD,DEL,2026-09-08,IndiGo,6E 5072,2026-09-08 14:35,2026-09-08 16:20,0,105,6050.0,,,INR,,,SerpApi Google Flights,2026-09-07T16:25:28.690821+05:30
SerpApi Google Flights,AMD,DEL,AMD,DEL,2026-09-08,Air India,AI 1121,2026-09-08 20:10,2026-09-08 21:55,0,105,6837.0,,,INR,,,SerpApi Google Flights,2026-09-07T16:25:28.690905+05:30
SerpApi Google Flights,AMD,DEL,AMD,DEL,2026-09-08,Air India,AI 2546,2026-09-08 23:00,2026-09-09 00:45,0,105,5803.0,,,INR,,,SerpApi Google Flights,2026-09-07T16:25:28.690801+05:30
SerpApi Google Flights,AMD,DEL,AMD,DEL,2026-09-08,IndiGo,6E 980,2026-09-08 17:05,2026-09-08 18:50,0,105,6050.0,,,INR,,,SerpApi Google Flights,2026-09-07T16:25:28.690842+05:30
SerpApi Google Flights,AMD,DEL,AMD,DEL,2026-09-08,IndiGo,6E 2263,2026-09-08 19:25,2026-09-08 21:05,0,100,6050.0,,,INR,,,SerpApi Google Flights,2026-09-07T16:25:28.690862+05:30
SerpApi Google Flights,AMD,DEL,AMD,DEL,2026-09-08,IndiGo,6E 932,2026-09-08 21:50,2026-09-08 23:30,0,100,6050.0,,,INR,,,SerpApi Google Flights,2026-09-07T16:25:28.690885+05:30
SerpApi Google Flights,AMD,DEL,AMD,DEL,2026-09-08,IndiGo,6E 396,2026-09-08 13:50,2026-09-08 15:40,0,110,5840.0,,,INR,,,SerpApi Google Flights,2026-09-07T16:25:28.690732+05:30
SerpApi Google Flights,AMD,DEL,AMD,DEL,2026-09-08,Air India,AI 532,2026-09-08 21:30,2026-09-08 23:40,0,130,5803.0,,,INR,,,SerpApi Google Flights,2026-09-07T16:25:28.690777+05:30
SerpApi Google Flights,AMD,DEL,AMD,DEL,2026-09-08,Kuwait Airways,"KU 348, KU 381",2026-09-08 04:00,2026-09-09 01:30,1,1290,37267.0,,,INR,,,SerpApi Google Flights,2026-09-07T16:25:28.691054+05:30
SerpApi Google Flights,AMD,DEL,AMD,DEL,2026-09-08,Air India,AI 2938,2026-09-08 18:55,2026-09-08 20:40,0,105,6942.0,,,INR,,,SerpApi Google Flights,2026-09-07T16:25:28.690925+05:30
SerpApi Google Flights,AMD,DEL,AMD,DEL,2026-09-08,IndiGo,6E 983,2026-09-08 07:30,2026-09-08 09:15,0,105,13295.0,,,INR,,,SerpApi Google Flights,2026-09-07T16:25:28.691007+05:30
SerpApi Google Flights,AMD,DIU,AMD,DIU,2026-09-08,IndiGo,6E 7966,2026-09-08 11:10,2026-09-08 12:30,0,80,3145.0,,,INR,,,SerpApi Google Flights,2026-09-07T16:25:32.841964+05:30
SerpApi Google Flights,AMD,DEL,AMD,DEL,2026-09-08,IndiGo,6E 2209,2026-09-08 05:00,2026-09-08 06:45,0,105,7100.0,,,INR,,,SerpApi Google Flights,2026-09-07T16:25:28.690945+05:30
SerpApi Google Flights,AMD,DEL,AMD,DEL,2026-09-08,IndiGo,6E 2179,2026-09-08 09:50,2026-09-08 11:35,0,105,7783.0,,,INR,,,SerpApi Google Flights,2026-09-07T16:25:28.690966+05:30
SerpApi Google Flights,AMD,DEL,AMD,DEL,2026-09-08,Air India,AI 1117,2026-09-08 08:25,2026-09-08 10:15,0,110,16865.0,,,INR,,,SerpApi Google Flights,2026-09-07T16:25:28.691027+05:30
SerpApi Google Flights,AMD,DEL,AMD,DEL,2026-09-08,Air India,AI 2906,2026-09-08 06:25,2026-09-08 08:15,0,110,9567.0,,,INR,,,SerpApi Google Flights,2026-09-07T16:25:28.690986+05:30
SerpApi Google Flights,AMD,DIU,AMD,DIU,2026-09-08,Star Air,S5 424,2026-09-08 10:30,2026-09-08 11:30,0,60,3028.0,,,INR,,,SerpApi Google Flights,2026-09-07T16:25:32.841890+05:30
SerpApi Google Flights,AMD,DEL,AMD,DEL,2026-09-08,Etihad,"EY 247, EY 214",2026-09-08 05:40,2026-09-08 14:10,1,510,63637.0,,,INR,,,SerpApi Google Flights,2026-09-07T16:25:28.691081+05:30
SerpApi Google Flights,AMD,JGA,AMD,JGA,2026-09-08,"Air India, Air India Express","AI 2916, IX 1805",2026-09-08 17:55,2026-09-09 12:25,1,1110,19097.0,,,INR,,,SerpApi Google Flights,2026-09-07T16:25:49.536025+05:30
SerpApi Google Flights,AMD,JGA,AMD,JGA,2026-09-08,IndiGo,"6E 6285, 6E 5150",2026-09-08 04:00,2026-09-08 10:10,1,370,18690.0,,,INR,,,SerpApi Google Flights,2026-09-07T16:25:49.535992+05:30
SerpApi Google Flights,AMD,JGA,AMD,JGA,2026-09-08,"Air India, Air India Express","AI 2918, IX 1805",2026-09-08 06:00,2026-09-08 12:25,1,385,13862.0,,,INR,,,SerpApi Google Flights,2026-09-07T16:25:49.535882+05:30
SerpApi Google Flights,AMD,JGA,AMD,JGA,2026-09-08,"Air India, Air India Express","AI 494, IX 1807",2026-09-08 08:45,2026-09-08 17:00,1,495,17122.0,,,INR,,,SerpApi Google Flights,2026-09-07T16:25:49.535962+05:30
SerpApi Google Flights,AMD,JGA,AMD,JGA,2026-09-08,"Air India, Air India Express","AI 2546, AI 1745, IX 1805",2026-09-08 23:00,2026-09-09 12:25,2,805,20552.0,,,INR,,,SerpApi Google Flights,2026-09-07T16:25:49.536054+05:30
SerpApi Google Flights,AMD,JGA,AMD,JGA,2026-09-08,"Air India, Air India Express","AI 2494, IX 1805",2026-09-08 21:00,2026-09-09 12:25,1,925,21893.0,,,INR,,,SerpApi Google Flights,2026-09-07T16:25:49.536080+05:30
SerpApi Google Flights,AMD,JGA,AMD,JGA,2026-09-08,"Air India, Air India Express","AI 2848, IX 1807",2026-09-08 12:00,2026-09-08 17:00,1,300,22082.0,,,INR,,,SerpApi Google Flights,2026-09-07T16:25:49.536104+05:30
SerpApi Google Flights,AMD,BLR,AMD,BLR,2026-09-08,Akasa Air,QP 1901,2026-09-08 04:50,2026-09-08 07:10,0,140,9073.0,,,INR,,,SerpApi Google Flights,2026-09-07T17:01:31.755200+05:30
SerpApi Google Flights,AMD,BLR,AMD,BLR,2026-09-08,Air India,"AI 2504, AI 2849",2026-09-08 14:55,2026-09-08 19:35,1,280,10369.0,,,INR,,,SerpApi Google Flights,2026-09-07T17:01:31.755287+05:30
SerpApi Google Flights,AMD,BLR,AMD,BLR,2026-09-08,IndiGo,6E 823,2026-09-08 08:20,2026-09-08 10:45,0,145,10670.0,,,INR,,,SerpApi Google Flights,2026-09-07T17:01:31.755320+05:30
SerpApi Google Flights,AMD,BOM,AMD,BOM,2026-09-08,IndiGo,6E 868,2026-09-08 21:25,2026-09-08 23:00,0,95,6943.0,,,INR,,,SerpApi Google Flights,2026-09-07T17:01:33.840296+05:30
SerpApi Google Flights,AMD,BOM,AMD,BOM,2026-09-08,IndiGo,6E 6351,2026-09-08 23:15,2026-09-09 00:30,0,75,10148.0,,,INR,,,SerpApi Google Flights,2026-09-07T17:01:33.840457+05:30
SerpApi Google Flights,AMD,BOM,AMD,BOM,2026-09-08,Air India,AI 2918,2026-09-08 06:00,2026-09-08 07:45,0,105,8441.0,,,INR,,,SerpApi Google Flights,2026-09-07T17:01:33.840387+05:30
SerpApi Google Flights,AMD,BOM,AMD,BOM,2026-09-08,IndiGo,6E 5078,2026-09-08 10:55,2026-09-08 12:20,0,85,9463.0,,,INR,,,SerpApi Google Flights,2026-09-07T17:01:33.840410+05:30
SerpApi Google Flights,AMD,BLR,AMD,BLR,2026-09-08,IndiGo,6E 481,2026-09-08 19:45,2026-09-08 22:05,0,140,13085.0,,,INR,,,SerpApi Google Flights,2026-09-07T17:01:31.755470+05:30
SerpApi Google Flights,AMD,BOM,AMD,BOM,2026-09-08,Air India,AI 2494,2026-09-08 21:00,2026-09-08 22:40,0,100,17318.0,,,INR,,,SerpApi Google Flights,2026-09-07T17:01:33.840560+05:30
SerpApi Google Flights,AMD,BLR,AMD,BLR,2026-09-08,Air India,"AI 2848, AI 2853",2026-09-08 12:00,2026-09-08 17:35,1,335,10369.0,,,INR,,,SerpApi Google Flights,2026-09-07T17:01:31.755398+05:30
SerpApi Google Flights,AMD,BLR,AMD,BLR,2026-09-08,IndiGo,"6E 868, 6E 5323",2026-09-08 21:25,2026-09-09 03:05,1,340,9159.0,,,INR,,,SerpApi Google Flights,2026-09-07T17:01:31.755347+05:30
SerpApi Google Flights,AMD,BOM,AMD,BOM,2026-09-08,IndiGo,6E 5139,2026-09-08 17:05,2026-09-08 18:25,0,80,7468.0,,,INR,,,SerpApi Google Flights,2026-09-07T17:01:33.840339+05:30
SerpApi Google Flights,AMD,BOM,AMD,BOM,2026-09-08,Air India,AI 2916,2026-09-08 17:55,2026-09-08 19:40,0,105,14599.0,,,INR,,,SerpApi Google Flights,2026-09-07T17:01:33.840540+05:30
SerpApi Google Flights,AMD,BOM,AMD,BOM,2026-09-08,Air India,AI 2504,2026-09-08 14:55,2026-09-08 16:35,0,100,14599.0,,,INR,,,SerpApi Google Flights,2026-09-07T17:01:33.840519+05:30
SerpApi Google Flights,AMD,BOM,AMD,BOM,2026-09-08,Air India,AI 2848,2026-09-08 12:00,2026-09-08 13:40,0,100,14599.0,,,INR,,,SerpApi Google Flights,2026-09-07T17:01:33.840499+05:30
SerpApi Google Flights,AMD,BOM,AMD,BOM,2026-09-08,IndiGo,6E 5146,2026-09-08 08:05,2026-09-08 09:35,0,90,7523.0,,,INR,,,SerpApi Google Flights,2026-09-07T17:01:33.840363+05:30
SerpApi Google Flights,AMD,BOM,AMD,BOM,2026-09-08,IndiGo,6E 6205,2026-09-08 01:15,2026-09-08 02:55,0,100,4323.0,,,INR,,,SerpApi Google Flights,2026-09-07T17:01:33.840269+05:30
SerpApi Google Flights,AMD,BOM,AMD,BOM,2026-09-08,Air India,AI 494,2026-09-08 08:45,2026-09-08 10:30,0,105,9800.0,,,INR,,,SerpApi Google Flights,2026-09-07T17:01:33.840433+05:30
SerpApi Google Flights,AMD,BOM,AMD,BOM,2026-09-08,IndiGo,6E 6285,2026-09-08 04:00,2026-09-08 05:30,0,90,3903.0,,,INR,,,SerpApi Google Flights,2026-09-07T17:01:33.840170+05:30
SerpApi Google Flights,AMD,BOM,AMD,BOM,2026-09-08,IndiGo,6E 6468,2026-09-08 09:00,2026-09-08 10:30,0,90,7468.0,,,INR,,,SerpApi Google Flights,2026-09-07T17:01:33.840319+05:30
SerpApi Google Flights,AMD,BLR,AMD,BLR,2026-09-08,IndiGo,6E 863,2026-09-08 16:55,2026-09-08 19:15,0,140,11405.0,,,INR,,,SerpApi Google Flights,2026-09-07T17:01:31.755423+05:30
SerpApi Google Flights,AMD,BOM,AMD,BOM,2026-09-08,IndiGo,6E 5160,2026-09-08 19:35,2026-09-08 21:05,0,90,11878.0,,,INR,,,SerpApi Google Flights,2026-09-07T17:01:33.840478+05:30
SerpApi Google Flights,AMD,BLR,AMD,BLR,2026-09-08,IndiGo,"6E 5146, 6E 5217",2026-09-08 08:05,2026-09-08 12:55,1,290,9885.0,,,INR,,,SerpApi Google Flights,2026-09-07T17:01:31.755373+05:30
SerpApi Google Flights,AMD,BLR,AMD,BLR,2026-09-08,Air India Express,IX 1508,2026-09-08 08:50,2026-09-08 11:15,0,145,17148.0,,,INR,,,SerpApi Google Flights,2026-09-07T17:01:31.755494+05:30
SerpApi Google Flights,AMD,BLR,AMD,BLR,2026-09-08,IndiGo,6E 996,2026-09-08 23:00,2026-09-09 01:10,0,130,11405.0,,,INR,,,SerpApi Google Flights,2026-09-07T17:01:31.755446+05:30
SerpApi Google Flights,AMD,BOM,AMD,BOM,2026-09-08,Akasa Air,QP 1194,2026-09-08 04:50,2026-09-08 06:15,0,85,4233.0,,,INR,,,SerpApi Google Flights,2026-09-07T17:01:33.840243+05:30
SerpApi Google Flights,AMD,CCU,AMD,CCU,2026-09-08,IndiGo,6E 319,2026-09-08 22:00,2026-09-09 00:40,0,160,7034.0,,,INR,,,SerpApi Google Flights,2026-09-07T17:01:35.912396+05:30
SerpApi Google Flights,AMD,CCU,AMD,CCU,2026-09-08,Akasa Air,QP 1927,2026-09-08 14:25,2026-09-08 17:10,0,165,7485.0,,,INR,,,SerpApi Google Flights,2026-09-07T17:01:35.912473+05:30
SerpApi Google Flights,AMD,CCU,AMD,CCU,2026-09-08,IndiGo,6E 6556,2026-09-08 17:10,2026-09-08 19:50,0,160,7034.0,,,INR,,,SerpApi Google Flights,2026-09-07T17:01:35.912501+05:30
SerpApi Google Flights,AMD,CCU,AMD,CCU,2026-09-08,Air India,"AI 2916, AI 2643",2026-09-08 17:55,2026-09-09 00:10,1,375,23153.0,,,INR,,,SerpApi Google Flights,2026-09-07T17:01:35.912616+05:30
SerpApi Google Flights,AMD,CCU,AMD,CCU,2026-09-08,Air India,"AI 2546, AI 2702",2026-09-08 23:00,2026-09-09 04:50,1,350,9023.0,,,INR,,,SerpApi Google Flights,2026-09-07T17:01:35.912550+05:30
SerpApi Google Flights,AMD,CCU,AMD,CCU,2026-09-08,Air India,"AI 494, AI 2471",2026-09-08 08:45,2026-09-08 14:25,1,340,22389.0,,,INR,,,SerpApi Google Flights,2026-09-07T17:01:35.912592+05:30
SerpApi Google Flights,AMD,CCU,AMD,CCU,2026-09-08,IndiGo,6E 751,2026-09-08 09:20,2026-09-08 12:00,0,160,7874.0,,,INR,,,SerpApi Google Flights,2026-09-07T17:01:35.912524+05:30
SerpApi Google Flights,AMD,DEL,AMD,DEL,2026-09-08,Air India,AI 2716,2026-09-08 14:00,2026-09-08 15:35,0,95,5803.0,,,INR,,,SerpApi Google Flights,2026-09-07T17:01:38.000226+05:30
SerpApi Google Flights,AMD,DEL,AMD,DEL,2026-09-08,IndiGo,6E 2340,2026-09-08 12:15,2026-09-08 14:10,0,115,5840.0,,,INR,,,SerpApi Google Flights,2026-09-07T17:01:38.000255+05:30
SerpApi Google Flights,AMD,DEL,AMD,DEL,2026-09-08,IndiGo,6E 396,2026-09-08 13:50,2026-09-08 15:40,0,110,5840.0,,,INR,,,SerpApi Google Flights,2026-09-07T17:01:38.000280+05:30
SerpApi Google Flights,AMD,DEL,AMD,DEL,2026-09-08,IndiGo,6E 5385,2026-09-08 00:05,2026-09-08 02:00,0,115,5645.0,,,INR,,,SerpApi Google Flights,2026-09-07T17:01:38.000154+05:30
SerpApi Google Flights,AMD,DEL,AMD,DEL,2026-09-08,Air India,AI 882,2026-09-08 15:55,2026-09-08 17:45,0,110,5803.0,,,INR,,,SerpApi Google Flights,2026-09-07T17:01:38.000307+05:30
SerpApi Google Flights,AMD,DEL,AMD,DEL,2026-09-08,IndiGo,6E 2209,2026-09-08 05:00,2026-09-08 06:45,0,105,7100.0,,,INR,,,SerpApi Google Flights,2026-09-07T17:01:38.000516+05:30
SerpApi Google Flights,AMD,DEL,AMD,DEL,2026-09-08,Air India,AI 1121,2026-09-08 20:10,2026-09-08 21:55,0,105,6837.0,,,INR,,,SerpApi Google Flights,2026-09-07T17:01:38.000474+05:30
SerpApi Google Flights,AMD,DEL,AMD,DEL,2026-09-08,IndiGo,6E 932,2026-09-08 21:50,2026-09-08 23:30,0,100,6050.0,,,INR,,,SerpApi Google Flights,2026-09-07T17:01:38.000448+05:30
SerpApi Google Flights,AMD,DEL,AMD,DEL,2026-09-08,IndiGo,6E 980,2026-09-08 17:05,2026-09-08 18:50,0,105,6050.0,,,INR,,,SerpApi Google Flights,2026-09-07T17:01:38.000403+05:30
SerpApi Google Flights,AMD,DEL,AMD,DEL,2026-09-08,Air India,AI 2546,2026-09-08 23:00,2026-09-09 00:45,0,105,5803.0,,,INR,,,SerpApi Google Flights,2026-09-07T17:01:38.000354+05:30
SerpApi Google Flights,AMD,DEL,AMD,DEL,2026-09-08,IndiGo,6E 2263,2026-09-08 19:25,2026-09-08 21:05,0,100,6050.0,,,INR,,,SerpApi Google Flights,2026-09-07T17:01:38.000424+05:30
SerpApi Google Flights,AMD,DEL,AMD,DEL,2026-09-08,Air India,AI 532,2026-09-08 21:30,2026-09-08 23:40,0,130,5803.0,,,INR,,,SerpApi Google Flights,2026-09-07T17:01:38.000332+05:30
SerpApi Google Flights,AMD,DEL,AMD,DEL,2026-09-08,IndiGo,6E 5072,2026-09-08 14:35,2026-09-08 16:20,0,105,6050.0,,,INR,,,SerpApi Google Flights,2026-09-07T17:01:38.000378+05:30
SerpApi Google Flights,AMD,DEL,AMD,DEL,2026-09-08,Air India,AI 2938,2026-09-08 18:55,2026-09-08 20:40,0,105,6942.0,,,INR,,,SerpApi Google Flights,2026-09-07T17:01:38.000496+05:30
SerpApi Google Flights,AMD,DEL,AMD,DEL,2026-09-08,IndiGo,6E 983,2026-09-08 07:30,2026-09-08 09:15,0,105,13295.0,,,INR,,,SerpApi Google Flights,2026-09-07T17:01:38.000582+05:30
SerpApi Google Flights,AMD,DEL,AMD,DEL,2026-09-08,IndiGo,6E 2179,2026-09-08 09:50,2026-09-08 11:35,0,105,7783.0,,,INR,,,SerpApi Google Flights,2026-09-07T17:01:38.000540+05:30
SerpApi Google Flights,AMD,DEL,AMD,DEL,2026-09-08,Air India,AI 2906,2026-09-08 06:25,2026-09-08 08:15,0,110,9567.0,,,INR,,,SerpApi Google Flights,2026-09-07T17:01:38.000561+05:30
SerpApi Google Flights,AMD,DEL,AMD,DEL,2026-09-08,Kuwait Airways,"KU 348, KU 381",2026-09-08 04:00,2026-09-09 01:30,1,1290,37267.0,,,INR,,,SerpApi Google Flights,2026-09-07T17:01:38.000652+05:30
SerpApi Google Flights,AMD,DEL,AMD,DEL,2026-09-08,Air India,AI 1117,2026-09-08 08:25,2026-09-08 10:15,0,110,16865.0,,,INR,,,SerpApi Google Flights,2026-09-07T17:01:38.000614+05:30
SerpApi Google Flights,AMD,DIU,AMD,DIU,2026-09-08,IndiGo,6E 7966,2026-09-08 11:10,2026-09-08 12:30,0,80,3145.0,,,INR,,,SerpApi Google Flights,2026-09-07T17:01:40.069664+05:30
SerpApi Google Flights,AMD,DEL,AMD,DEL,2026-09-08,Etihad,"EY 247, EY 214",2026-09-08 05:40,2026-09-08 14:10,1,510,63637.0,,,INR,,,SerpApi Google Flights,2026-09-07T17:01:38.000680+05:30
SerpApi Google Flights,AMD,JGA,AMD,JGA,2026-09-08,"Air India, Air India Express","AI 2918, IX 1805",2026-09-08 06:00,2026-09-08 12:25,1,385,13862.0,,,INR,,,SerpApi Google Flights,2026-09-07T17:01:46.292621+05:30
SerpApi Google Flights,AMD,DIU,AMD,DIU,2026-09-08,Star Air,S5 424,2026-09-08 10:30,2026-09-08 11:30,0,60,3028.0,,,INR,,,SerpApi Google Flights,2026-09-07T17:01:40.069598+05:30
SerpApi Google Flights,AMD,JGA,AMD,JGA,2026-09-08,"Air India, Air India Express","AI 494, IX 1807",2026-09-08 08:45,2026-09-08 17:00,1,495,17122.0,,,INR,,,SerpApi Google Flights,2026-09-07T17:01:46.292700+05:30
SerpApi Google Flights,AMD,JGA,AMD,JGA,2026-09-08,"Air India, Air India Express","AI 2916, IX 1805",2026-09-08 17:55,2026-09-09 12:25,1,1110,19097.0,,,INR,,,SerpApi Google Flights,2026-09-07T17:01:46.292756+05:30
SerpApi Google Flights,AMD,JGA,AMD,JGA,2026-09-08,"Air India, Air India Express","AI 2494, IX 1805",2026-09-08 21:00,2026-09-09 12:25,1,925,21893.0,,,INR,,,SerpApi Google Flights,2026-09-07T17:01:46.292807+05:30
SerpApi Google Flights,AMD,JGA,AMD,JGA,2026-09-08,IndiGo,"6E 6285, 6E 5150",2026-09-08 04:00,2026-09-08 10:10,1,370,18690.0,,,INR,,,SerpApi Google Flights,2026-09-07T17:01:46.292730+05:30
SerpApi Google Flights,AMD,JGA,AMD,JGA,2026-09-08,"Air India, Air India Express","AI 2546, AI 1745, IX 1805",2026-09-08 23:00,2026-09-09 12:25,2,805,20552.0,,,INR,,,SerpApi Google Flights,2026-09-07T17:01:46.292783+05:30
SerpApi Google Flights,AMD,JGA,AMD,JGA,2026-09-08,"Air India, Air India Express","AI 2848, IX 1807",2026-09-08 12:00,2026-09-08 17:00,1,300,22082.0,,,INR,,,SerpApi Google Flights,2026-09-07T17:01:46.292830+05:30
Google Flights,AGX,GOX,AGX,GOX,2026-09-14,IndiGo,"6E 7272, 6E 6526",2026-09-14 12:55,2026-09-14 22:45,1,590,25153.0,,,INR,,,SerpApi Google Flights,2026-09-07T17:23:36.132075+00:00
Google Flights,AJL,GAU,AJL,GAU,2026-09-14,IndiGo,6E 6552,2026-09-14 15:55,2026-09-14 16:45,0,50,3722.0,,,INR,,,SerpApi Google Flights,2026-09-07T17:23:40.105141+00:00
Google Flights,AJL,SHL,AJL,SHL,2026-09-14,Alliance Air,9I 785,2026-09-14 11:55,2026-09-14 12:55,0,60,2227.0,,,INR,,,SerpApi Google Flights,2026-09-07T17:23:43.645864+00:00
Google Flights,AMD,BLR,AMD,BLR,2026-09-14,Air India,"AI 494, AI 2632",2026-09-14 08:45,2026-09-14 14:05,1,320,6461.0,,,INR,,,SerpApi Google Flights,2026-09-07T17:23:50.347475+00:00
Google Flights,AMD,BLR,AMD,BLR,2026-09-14,Akasa Air,QP 1901,2026-09-14 04:50,2026-09-14 07:10,0,140,7428.0,,,INR,,,SerpApi Google Flights,2026-09-07T17:23:50.347475+00:00
Google Flights,AMD,BLR,AMD,BLR,2026-09-14,Air India Express,IX 1508,2026-09-14 08:50,2026-09-14 11:15,0,145,7646.0,,,INR,,,SerpApi Google Flights,2026-09-07T17:23:50.347475+00:00
Google Flights,AMD,BLR,AMD,BLR,2026-09-14,IndiGo,6E 823,2026-09-14 08:20,2026-09-14 10:45,0,145,7940.0,,,INR,,,SerpApi Google Flights,2026-09-07T17:23:50.347475+00:00
Google Flights,AMD,BLR,AMD,BLR,2026-09-14,Air India,"AI 494, AI 2865",2026-09-14 08:45,2026-09-14 21:50,1,785,6340.0,,,INR,,,SerpApi Google Flights,2026-09-07T17:23:50.347475+00:00
Google Flights,AMD,BLR,AMD,BLR,2026-09-14,Air India,"AI 2918, AI 2863",2026-09-14 06:00,2026-09-14 12:05,1,365,6461.0,,,INR,,,SerpApi Google Flights,2026-09-07T17:23:50.347475+00:00
Google Flights,AMD,BLR,AMD,BLR,2026-09-14,IndiGo,"6E 699, 6E 6877",2026-09-14 02:40,2026-09-14 06:35,1,235,7093.0,,,INR,,,SerpApi Google Flights,2026-09-07T17:23:50.347475+00:00
Google Flights,AMD,BLR,AMD,BLR,2026-09-14,Air India,"AI 2848, AI 2853",2026-09-14 12:00,2026-09-14 17:35,1,335,7569.0,,,INR,,,SerpApi Google Flights,2026-09-07T17:23:50.347475+00:00
Google Flights,AMD,BLR,AMD,BLR,2026-09-14,Air India,"AI 2916, AI 2401",2026-09-14 17:55,2026-09-14 22:45,1,290,7569.0,,,INR,,,SerpApi Google Flights,2026-09-07T17:23:50.347475+00:00
Google Flights,AMD,BLR,AMD,BLR,2026-09-14,IndiGo,6E 996,2026-09-14 23:00,2026-09-15 01:10,0,130,7940.0,,,INR,,,SerpApi Google Flights,2026-09-07T17:23:50.347475+00:00
Google Flights,AMD,BLR,AMD,BLR,2026-09-14,IndiGo,6E 481,2026-09-14 19:45,2026-09-14 22:05,0,140,8885.0,,,INR,,,SerpApi Google Flights,2026-09-07T17:23:50.347475+00:00
Google Flights,AMD,BLR,AMD,BLR,2026-09-14,IndiGo,6E 863,2026-09-14 16:55,2026-09-14 19:15,0,140,13085.0,,,INR,,,SerpApi Google Flights,2026-09-07T17:23:50.347475+00:00
Google Flights,AMD,BOM,AMD,BOM,2026-09-14,IndiGo,6E 6285,2026-09-14 04:00,2026-09-14 05:30,0,90,3693.0,,,INR,,,SerpApi Google Flights,2026-09-07T17:23:54.478447+00:00
Google Flights,AMD,BOM,AMD,BOM,2026-09-14,Akasa Air,QP 1194,2026-09-14 04:50,2026-09-14 06:15,0,85,4070.0,,,INR,,,SerpApi Google Flights,2026-09-07T17:23:54.478447+00:00
Google Flights,AMD,BOM,AMD,BOM,2026-09-14,Air India,AI 2918,2026-09-14 06:00,2026-09-14 07:45,0,105,4319.0,,,INR,,,SerpApi Google Flights,2026-09-07T17:23:54.478447+00:00
Google Flights,AMD,BOM,AMD,BOM,2026-09-14,Air India,AI 494,2026-09-14 08:45,2026-09-14 10:30,0,105,4529.0,,,INR,,,SerpApi Google Flights,2026-09-07T17:23:54.478447+00:00
Google Flights,AMD,BOM,AMD,BOM,2026-09-14,IndiGo,6E 6468,2026-09-14 09:00,2026-09-14 10:30,0,90,4633.0,,,INR,,,SerpApi Google Flights,2026-09-07T17:23:54.478447+00:00
Google Flights,AMD,BOM,AMD,BOM,2026-09-14,Air India,AI 2848,2026-09-14 12:00,2026-09-14 13:40,0,100,4792.0,,,INR,,,SerpApi Google Flights,2026-09-07T17:23:54.478447+00:00
Google Flights,AMD,BOM,AMD,BOM,2026-09-14,Air India,AI 2504,2026-09-14 14:55,2026-09-14 16:35,0,100,4792.0,,,INR,,,SerpApi Google Flights,2026-09-07T17:23:54.478447+00:00
Google Flights,AMD,BOM,AMD,BOM,2026-09-14,IndiGo,6E 5146,2026-09-14 08:05,2026-09-14 09:35,0,90,4793.0,,,INR,,,SerpApi Google Flights,2026-09-07T17:23:54.478447+00:00
Google Flights,AMD,BOM,AMD,BOM,2026-09-14,IndiGo,6E 5078,2026-09-14 10:55,2026-09-14 12:20,0,85,4948.0,,,INR,,,SerpApi Google Flights,2026-09-07T17:23:54.478447+00:00
Google Flights,AMD,BOM,AMD,BOM,2026-09-14,Air India,AI 2916,2026-09-14 17:55,2026-09-14 19:40,0,105,5201.0,,,INR,,,SerpApi Google Flights,2026-09-07T17:23:54.478447+00:00
Google Flights,AMD,BOM,AMD,BOM,2026-09-14,IndiGo,6E 5160,2026-09-14 19:35,2026-09-14 21:05,0,90,5263.0,,,INR,,,SerpApi Google Flights,2026-09-07T17:23:54.478447+00:00
Google Flights,AMD,BOM,AMD,BOM,2026-09-14,IndiGo,6E 6205,2026-09-14 01:15,2026-09-14 02:55,0,100,5373.0,,,INR,,,SerpApi Google Flights,2026-09-07T17:23:54.478447+00:00
Google Flights,AMD,BOM,AMD,BOM,2026-09-14,IndiGo,6E 868,2026-09-14 21:25,2026-09-14 23:00,0,95,5998.0,,,INR,,,SerpApi Google Flights,2026-09-07T17:23:54.478447+00:00
Google Flights,AMD,BOM,AMD,BOM,2026-09-14,IndiGo,6E 6351,2026-09-14 23:15,2026-09-15 00:30,0,75,6263.0,,,INR,,,SerpApi Google Flights,2026-09-07T17:23:54.478447+00:00
Google Flights,AMD,BOM,AMD,BOM,2026-09-14,IndiGo,6E 5139,2026-09-14 17:05,2026-09-14 18:25,0,80,6418.0,,,INR,,,SerpApi Google Flights,2026-09-07T17:23:54.478447+00:00
Google Flights,AMD,BOM,AMD,BOM,2026-09-14,Air India,AI 2494,2026-09-14 21:00,2026-09-14 22:40,0,100,6745.0,,,INR,,,SerpApi Google Flights,2026-09-07T17:23:54.478447+00:00
Google Flights,AMD,CCU,AMD,CCU,2026-09-14,IndiGo,6E 319,2026-09-14 22:00,2026-09-15 00:40,0,160,7034.0,,,INR,,,SerpApi Google Flights,2026-09-07T17:23:58.268759+00:00
Google Flights,AMD,CCU,AMD,CCU,2026-09-14,Akasa Air,QP 1927,2026-09-14 06:45,2026-09-14 09:25,0,160,7485.0,,,INR,,,SerpApi Google Flights,2026-09-07T17:23:58.268759+00:00
Google Flights,AMD,CCU,AMD,CCU,2026-09-14,IndiGo,6E 6556,2026-09-14 17:25,2026-09-14 20:10,0,165,7034.0,,,INR,,,SerpApi Google Flights,2026-09-07T17:23:58.268759+00:00
Google Flights,AMD,CCU,AMD,CCU,2026-09-14,IndiGo,6E 751,2026-09-14 09:20,2026-09-14 12:00,0,160,7244.0,,,INR,,,SerpApi Google Flights,2026-09-07T17:23:58.268759+00:00
Google Flights,AMD,CCU,AMD,CCU,2026-09-14,Emirates,"EK 539, EK 570",2026-09-14 04:40,2026-09-15 08:10,1,1650,42371.0,,,INR,,,SerpApi Google Flights,2026-09-07T17:23:58.268759+00:00
Google Flights,AMD,DEL,AMD,DEL,2026-09-14,Air India,AI 1121,2026-09-14 20:10,2026-09-14 21:55,0,105,5803.0,,,INR,,,SerpApi Google Flights,2026-09-07T17:24:01.768076+00:00
Google Flights,AMD,DEL,AMD,DEL,2026-09-14,IndiGo,6E 5385,2026-09-14 00:05,2026-09-14 02:00,0,115,5985.0,,,INR,,,SerpApi Google Flights,2026-09-07T17:24:01.768076+00:00
Google Flights,AMD,DEL,AMD,DEL,2026-09-14,Air India,AI 2946,2026-09-14 09:30,2026-09-14 11:20,0,110,5997.0,,,INR,,,SerpApi Google Flights,2026-09-07T17:24:01.768076+00:00
Google Flights,AMD,DEL,AMD,DEL,2026-09-14,Air India,AI 1117,2026-09-14 08:25,2026-09-14 10:15,0,110,5997.0,,,INR,,,SerpApi Google Flights,2026-09-07T17:24:01.768076+00:00
Google Flights,AMD,DEL,AMD,DEL,2026-09-14,Air India,AI 2716,2026-09-14 14:00,2026-09-14 15:35,0,95,5997.0,,,INR,,,SerpApi Google Flights,2026-09-07T17:24:01.768076+00:00
Google Flights,AMD,DEL,AMD,DEL,2026-09-14,Air India,AI 2938,2026-09-14 18:55,2026-09-14 20:40,0,105,5997.0,,,INR,,,SerpApi Google Flights,2026-09-07T17:24:01.768076+00:00
Google Flights,AMD,DEL,AMD,DEL,2026-09-14,Air India,AI 2546,2026-09-14 23:00,2026-09-15 00:45,0,105,5997.0,,,INR,,,SerpApi Google Flights,2026-09-07T17:24:01.768076+00:00
Google Flights,AMD,DEL,AMD,DEL,2026-09-14,Air India,AI 532,2026-09-14 21:30,2026-09-14 23:40,0,130,5997.0,,,INR,,,SerpApi Google Flights,2026-09-07T17:24:01.768076+00:00
Google Flights,AMD,DEL,AMD,DEL,2026-09-14,IndiGo,6E 2340,2026-09-14 12:15,2026-09-14 14:10,0,115,6155.0,,,INR,,,SerpApi Google Flights,2026-09-07T17:24:01.768076+00:00
Google Flights,AMD,DEL,AMD,DEL,2026-09-14,Air India,AI 2906,2026-09-14 06:25,2026-09-14 08:15,0,110,6207.0,,,INR,,,SerpApi Google Flights,2026-09-07T17:24:01.768076+00:00
Google Flights,AMD,DEL,AMD,DEL,2026-09-14,IndiGo,6E 2209,2026-09-14 05:00,2026-09-14 06:45,0,105,6365.0,,,INR,,,SerpApi Google Flights,2026-09-07T17:24:01.768076+00:00
Google Flights,AMD,DEL,AMD,DEL,2026-09-14,IndiGo,6E 5072,2026-09-14 14:35,2026-09-14 16:20,0,105,6365.0,,,INR,,,SerpApi Google Flights,2026-09-07T17:24:01.768076+00:00
Google Flights,AMD,DEL,AMD,DEL,2026-09-14,IndiGo,6E 932,2026-09-14 21:50,2026-09-14 23:30,0,100,6365.0,,,INR,,,SerpApi Google Flights,2026-09-07T17:24:01.768076+00:00
Google Flights,AMD,DEL,AMD,DEL,2026-09-14,Air India,AI 882,2026-09-14 15:55,2026-09-14 17:45,0,110,6417.0,,,INR,,,SerpApi Google Flights,2026-09-07T17:24:01.768076+00:00
Google Flights,AMD,DEL,AMD,DEL,2026-09-14,IndiGo,6E 983,2026-09-14 07:30,2026-09-14 09:15,0,105,6575.0,,,INR,,,SerpApi Google Flights,2026-09-07T17:24:01.768076+00:00
Google Flights,AMD,DEL,AMD,DEL,2026-09-14,IndiGo,6E 2179,2026-09-14 09:50,2026-09-14 11:35,0,105,6575.0,,,INR,,,SerpApi Google Flights,2026-09-07T17:24:01.768076+00:00
Google Flights,AMD,DEL,AMD,DEL,2026-09-14,IndiGo,6E 980,2026-09-14 17:05,2026-09-14 18:50,0,105,6575.0,,,INR,,,SerpApi Google Flights,2026-09-07T17:24:01.768076+00:00
Google Flights,AMD,DEL,AMD,DEL,2026-09-14,IndiGo,6E 2263,2026-09-14 19:25,2026-09-14 21:05,0,100,6575.0,,,INR,,,SerpApi Google Flights,2026-09-07T17:24:01.768076+00:00
Google Flights,AMD,DEL,AMD,DEL,2026-09-14,Kuwait Airways,"KU 348, KU 381",2026-09-14 04:20,2026-09-15 01:30,1,1270,33592.0,,,INR,,,SerpApi Google Flights,2026-09-07T17:24:01.768076+00:00
Google Flights,AMD,DEL,AMD,DEL,2026-09-14,Etihad,"EY 247, EY 214",2026-09-14 05:40,2026-09-14 14:10,1,510,57694.0,,,INR,,,SerpApi Google Flights,2026-09-07T17:24:01.768076+00:00
Google Flights,AMD,IXB,AMD,IXB,2026-09-14,Akasa Air,"QP 1194, QP 1131",2026-09-14 04:50,2026-09-14 13:15,1,505,9175.0,,,INR,,,SerpApi Google Flights,2026-09-07T17:24:07.521448+00:00
Google Flights,AMD,IXB,AMD,IXB,2026-09-14,IndiGo,"6E 2340, 6E 2403",2026-09-14 12:15,2026-09-14 19:00,1,405,9824.0,,,INR,,,SerpApi Google Flights,2026-09-07T17:24:07.521448+00:00
Google Flights,AMD,IXB,AMD,IXB,2026-09-14,"Air India, Air India Express","AI 494, IX 1176",2026-09-14 08:45,2026-09-14 14:20,1,335,10621.0,,,INR,,,SerpApi Google Flights,2026-09-07T17:24:07.521448+00:00
Google Flights,AMD,IXB,AMD,IXB,2026-09-14,IndiGo,"6E 5385, 6E 6124",2026-09-14 00:05,2026-09-14 09:30,1,565,9945.0,,,INR,,,SerpApi Google Flights,2026-09-07T17:24:07.521448+00:00
Google Flights,AMD,IXB,AMD,IXB,2026-09-14,IndiGo,"6E 751, 6E 6134",2026-09-14 09:20,2026-09-14 17:35,1,495,9969.0,,,INR,,,SerpApi Google Flights,2026-09-07T17:24:07.521448+00:00
Google Flights,AMD,IXB,AMD,IXB,2026-09-14,"Air India, Air India Express","AI 2918, IX 1176",2026-09-14 06:00,2026-09-14 14:20,1,500,10073.0,,,INR,,,SerpApi Google Flights,2026-09-07T17:24:07.521448+00:00
Google Flights,AMD,IXB,AMD,IXB,2026-09-14,IndiGo,"6E 2179, 6E 6378",2026-09-14 09:50,2026-09-14 16:40,1,410,10292.0,,,INR,,,SerpApi Google Flights,2026-09-07T17:24:07.521448+00:00
Google Flights,AMD,IXB,AMD,IXB,2026-09-14,IndiGo,"6E 2209, 6E 5307",2026-09-14 05:00,2026-09-14 12:50,1,470,10636.0,,,INR,,,SerpApi Google Flights,2026-09-07T17:24:07.521448+00:00
Google Flights,AMD,IXB,AMD,IXB,2026-09-14,"Air India, Air India Express","AI 2946, IX 1081",2026-09-14 09:30,2026-09-14 17:25,1,475,11055.0,,,INR,,,SerpApi Google Flights,2026-09-07T17:24:07.521448+00:00
Google Flights,AMD,IXB,AMD,IXB,2026-09-14,IndiGo,"6E 751, 6E 751",2026-09-14 09:20,2026-09-14 13:45,1,265,18918.0,,,INR,,,SerpApi Google Flights,2026-09-07T17:24:07.521448+00:00
Google Flights,AMD,JLG,AMD,JLG,2026-09-14,Alliance Air,9I 609,2026-09-14 18:15,2026-09-14 19:35,0,80,1890.0,,,INR,,,SerpApi Google Flights,2026-09-07T17:24:13.847213+00:00
Google Flights,AMD,MAA,AMD,MAA,2026-09-14,IndiGo,"6E 699, 6E 159",2026-09-14 02:40,2026-09-14 07:20,1,280,7729.0,,,INR,,,SerpApi Google Flights,2026-09-07T17:24:20.668471+00:00
Google Flights,AMD,MAA,AMD,MAA,2026-09-14,IndiGo,6E 479,2026-09-14 06:50,2026-09-14 09:15,0,145,8137.0,,,INR,,,SerpApi Google Flights,2026-09-07T17:24:20.668471+00:00
Google Flights,AMD,MAA,AMD,MAA,2026-09-14,IndiGo,6E 348,2026-09-14 21:45,2026-09-15 00:15,0,150,8137.0,,,INR,,,SerpApi Google Flights,2026-09-07T17:24:20.668471+00:00
Google Flights,AMD,MAA,AMD,MAA,2026-09-14,IndiGo,"6E 6098, 6E 598",2026-09-14 15:00,2026-09-14 19:10,1,250,8554.0,,,INR,,,SerpApi Google Flights,2026-09-07T17:24:20.668471+00:00
Google Flights,AMD,MAA,AMD,MAA,2026-09-14,IndiGo,"6E 823, 6E 6208",2026-09-14 08:20,2026-09-14 13:55,1,335,8633.0,,,INR,,,SerpApi Google Flights,2026-09-07T17:24:20.668471+00:00
Google Flights,AMD,MAA,AMD,MAA,2026-09-14,IndiGo,"6E 6351, 6E 5188",2026-09-14 23:15,2026-09-15 08:20,1,545,8633.0,,,INR,,,SerpApi Google Flights,2026-09-07T17:24:20.668471+00:00
Google Flights,AMD,MAA,AMD,MAA,2026-09-14,IndiGo,"6E 863, 6E 6077",2026-09-14 16:55,2026-09-14 21:25,1,270,9273.0,,,INR,,,SerpApi Google Flights,2026-09-07T17:24:20.668471+00:00
Google Flights,AMD,MAA,AMD,MAA,2026-09-14,IndiGo,"6E 879, 6E 514",2026-09-14 08:30,2026-09-14 15:30,1,420,11500.0,,,INR,,,SerpApi Google Flights,2026-09-07T17:24:20.668471+00:00
Google Flights,AMD,MAA,AMD,MAA,2026-09-14,Kuwait Airways,"KU 348, KU 343",2026-09-14 04:20,2026-09-15 02:25,1,1325,37610.0,,,INR,,,SerpApi Google Flights,2026-09-07T17:24:20.668471+00:00
Google Flights,AMD,MAA,AMD,MAA,2026-09-14,Emirates,"EK 539, EK 542",2026-09-14 04:40,2026-09-15 02:30,1,1310,38786.0,,,INR,,,SerpApi Google Flights,2026-09-07T17:24:20.668471+00:00
Google Flights,AMD,MAA,AMD,MAA,2026-09-14,"Etihad, Akasa Air","EY 247, QP 587",2026-09-14 05:40,2026-09-14 14:40,1,540,44307.0,,,INR,,,SerpApi Google Flights,2026-09-07T17:24:20.668471+00:00
Google Flights via SerpApi,AMD,BLR,AMD,BLR,2026-09-08,Akasa Air,QP 1901,2026-09-08 04:50,2026-09-08 07:10,0,140,9073.0,,,INR,,,,2026-09-07T17:41:11.903174+00:00
Google Flights via SerpApi,AMD,BLR,AMD,BLR,2026-09-08,IndiGo,"6E 5146, 6E 5184",2026-09-08 08:05,2026-09-08 14:25,1,380,9159.0,,,INR,,,,2026-09-07T17:41:11.903174+00:00
Google Flights via SerpApi,AMD,BLR,AMD,BLR,2026-09-08,IndiGo,"6E 868, 6E 5323",2026-09-08 21:25,2026-09-09 03:05,1,340,9159.0,,,INR,,,,2026-09-07T17:41:11.903174+00:00
Google Flights via SerpApi,AMD,BLR,AMD,BLR,2026-09-08,IndiGo,6E 481,2026-09-08 19:45,2026-09-08 22:05,0,140,13085.0,,,INR,,,,2026-09-07T17:41:11.903174+00:00
Google Flights via SerpApi,AMD,BLR,AMD,BLR,2026-09-08,IndiGo,6E 823,2026-09-08 08:20,2026-09-08 10:45,0,145,9410.0,,,INR,,,,2026-09-07T17:41:11.903174+00:00
Google Flights via SerpApi,AMD,BLR,AMD,BLR,2026-09-08,Air India,"AI 2848, AI 2853",2026-09-08 12:00,2026-09-08 17:35,1,335,10139.0,,,INR,,,,2026-09-07T17:41:11.903174+00:00
Google Flights via SerpApi,AMD,BLR,AMD,BLR,2026-09-08,Air India,"AI 2504, AI 2849",2026-09-08 14:55,2026-09-08 19:35,1,280,10369.0,,,INR,,,,2026-09-07T17:41:11.903174+00:00
Google Flights via SerpApi,AMD,BLR,AMD,BLR,2026-09-08,Air India Express,IX 1508,2026-09-08 08:50,2026-09-08 11:15,0,145,9884.0,,,INR,,,,2026-09-07T17:41:11.903174+00:00
Google Flights via SerpApi,AMD,BLR,AMD,BLR,2026-09-08,IndiGo,6E 863,2026-09-08 16:55,2026-09-08 19:15,0,140,12140.0,,,INR,,,,2026-09-07T17:41:11.903174+00:00
Google Flights via SerpApi,AMD,BLR,AMD,BLR,2026-09-08,IndiGo,6E 996,2026-09-08 23:00,2026-09-09 01:10,0,130,11405.0,,,INR,,,,2026-09-07T17:41:11.903174+00:00
Google Flights via SerpApi,AMD,BOM,AMD,BOM,2026-09-08,IndiGo,6E 6285,2026-09-08 04:00,2026-09-08 05:30,0,90,3903.0,,,INR,,,,2026-09-07T17:41:21.553730+00:00
Google Flights via SerpApi,AMD,BOM,AMD,BOM,2026-09-08,Akasa Air,QP 1194,2026-09-08 04:50,2026-09-08 06:15,0,85,4233.0,,,INR,,,,2026-09-07T17:41:21.553730+00:00
Google Flights via SerpApi,AMD,BOM,AMD,BOM,2026-09-08,IndiGo,6E 6205,2026-09-08 01:15,2026-09-08 02:55,0,100,4638.0,,,INR,,,,2026-09-07T17:41:21.553730+00:00
Google Flights via SerpApi,AMD,BOM,AMD,BOM,2026-09-08,Air India,AI 2494,2026-09-08 21:00,2026-09-08 22:40,0,100,6745.0,,,INR,,,,2026-09-07T17:41:21.553730+00:00
Google Flights via SerpApi,AMD,BOM,AMD,BOM,2026-09-08,Air India,AI 494,2026-09-08 08:45,2026-09-08 10:30,0,105,7364.0,,,INR,,,,2026-09-07T17:41:21.553730+00:00
Google Flights via SerpApi,AMD,BOM,AMD,BOM,2026-09-08,Air India,AI 2504,2026-09-08 14:55,2026-09-08 16:35,0,100,7364.0,,,INR,,,,2026-09-07T17:41:21.553730+00:00
Google Flights via SerpApi,AMD,BOM,AMD,BOM,2026-09-08,Air India,AI 2916,2026-09-08 17:55,2026-09-08 19:40,0,105,7480.0,,,INR,,,,2026-09-07T17:41:21.553730+00:00
Google Flights via SerpApi,AMD,BOM,AMD,BOM,2026-09-08,IndiGo,6E 5146,2026-09-08 08:05,2026-09-08 09:35,0,90,7523.0,,,INR,,,,2026-09-07T17:41:21.553730+00:00
Google Flights via SerpApi,AMD,BOM,AMD,BOM,2026-09-08,IndiGo,6E 868,2026-09-08 21:25,2026-09-08 23:00,0,95,8098.0,,,INR,,,,2026-09-07T17:41:21.553730+00:00
Google Flights via SerpApi,AMD,BOM,AMD,BOM,2026-09-08,Air India,AI 2918,2026-09-08 06:00,2026-09-08 07:45,0,105,8441.0,,,INR,,,,2026-09-07T17:41:21.553730+00:00
Google Flights via SerpApi,AMD,BOM,AMD,BOM,2026-09-08,IndiGo,6E 5139,2026-09-08 17:05,2026-09-08 18:25,0,80,8728.0,,,INR,,,,2026-09-07T17:41:21.553730+00:00
Google Flights via SerpApi,AMD,BOM,AMD,BOM,2026-09-08,Air India,AI 2848,2026-09-08 12:00,2026-09-08 13:40,0,100,9800.0,,,INR,,,,2026-09-07T17:41:21.553730+00:00
Google Flights via SerpApi,AMD,BOM,AMD,BOM,2026-09-08,IndiGo,6E 6351,2026-09-08 23:15,2026-09-09 00:30,0,75,10148.0,,,INR,,,,2026-09-07T17:41:21.553730+00:00
Google Flights via SerpApi,AMD,BOM,AMD,BOM,2026-09-08,IndiGo,6E 5078,2026-09-08 10:55,2026-09-08 12:20,0,85,10198.0,,,INR,,,,2026-09-07T17:41:21.553730+00:00
Google Flights via SerpApi,AMD,BOM,AMD,BOM,2026-09-08,IndiGo,6E 6468,2026-09-08 09:00,2026-09-08 10:30,0,90,11878.0,,,INR,,,,2026-09-07T17:41:21.553730+00:00
Google Flights via SerpApi,AMD,BOM,AMD,BOM,2026-09-08,IndiGo,6E 5160,2026-09-08 19:35,2026-09-08 21:05,0,90,13873.0,,,INR,,,,2026-09-07T17:41:21.553730+00:00
Google Flights via SerpApi,AMD,CCU,AMD,CCU,2026-09-08,IndiGo,6E 6556,2026-09-08 17:10,2026-09-08 19:50,0,160,7034.0,,,INR,,,,2026-09-07T17:41:26.682776+00:00
Google Flights via SerpApi,AMD,CCU,AMD,CCU,2026-09-08,IndiGo,6E 319,2026-09-08 22:00,2026-09-09 00:40,0,160,7034.0,,,INR,,,,2026-09-07T17:41:26.682776+00:00
Google Flights via SerpApi,AMD,CCU,AMD,CCU,2026-09-08,Akasa Air,QP 1927,2026-09-08 14:25,2026-09-08 17:10,0,165,7485.0,,,INR,,,,2026-09-07T17:41:26.682776+00:00
Google Flights via SerpApi,AMD,CCU,AMD,CCU,2026-09-08,IndiGo,6E 751,2026-09-08 09:20,2026-09-08 12:00,0,160,8084.0,,,INR,,,,2026-09-07T17:41:26.682776+00:00
Google Flights via SerpApi,AMD,CCU,AMD,CCU,2026-09-08,Air India,"AI 2546, AI 2702",2026-09-08 23:00,2026-09-09 04:50,1,350,9287.0,,,INR,,,,2026-09-07T17:41:26.682776+00:00
Google Flights via SerpApi,AMD,CCU,AMD,CCU,2026-09-08,Air India,"AI 882, AI 2702",2026-09-08 15:55,2026-09-09 04:50,1,775,9014.0,,,INR,,,,2026-09-07T17:41:26.682776+00:00
Google Flights via SerpApi,AMD,CCU,AMD,CCU,2026-09-08,Air India,"AI 494, AI 2471",2026-09-08 08:45,2026-09-08 14:25,1,340,22389.0,,,INR,,,,2026-09-07T17:41:26.682776+00:00
Google Flights via SerpApi,AMD,CCU,AMD,CCU,2026-09-08,Air India,"AI 2916, AI 2643",2026-09-08 17:55,2026-09-09 00:10,1,375,23774.0,,,INR,,,,2026-09-07T17:41:26.682776+00:00
Google Flights via SerpApi,AMD,DEL,AMD,DEL,2026-09-08,Air India,AI 2716,2026-09-08 14:00,2026-09-08 15:35,0,95,5803.0,,,INR,,,,2026-09-07T17:41:33.479507+00:00
Google Flights via SerpApi,AMD,DEL,AMD,DEL,2026-09-08,Air India,AI 882,2026-09-08 15:55,2026-09-08 17:45,0,110,5803.0,,,INR,,,,2026-09-07T17:41:33.479507+00:00
Google Flights via SerpApi,AMD,DEL,AMD,DEL,2026-09-08,IndiGo,6E 396,2026-09-08 13:50,2026-09-08 15:40,0,110,6155.0,,,INR,,,,2026-09-07T17:41:33.479507+00:00
Google Flights via SerpApi,AMD,DEL,AMD,DEL,2026-09-08,Air India,AI 532,2026-09-08 21:30,2026-09-08 23:40,0,130,5803.0,,,INR,,,,2026-09-07T17:41:33.479507+00:00
Google Flights via SerpApi,AMD,DEL,AMD,DEL,2026-09-08,Air India,AI 2938,2026-09-08 18:55,2026-09-08 20:40,0,105,5997.0,,,INR,,,,2026-09-07T17:41:33.479507+00:00
Google Flights via SerpApi,AMD,DEL,AMD,DEL,2026-09-08,Air India,AI 2546,2026-09-08 23:00,2026-09-09 00:45,0,105,5997.0,,,INR,,,,2026-09-07T17:41:33.479507+00:00
Google Flights via SerpApi,AMD,DEL,AMD,DEL,2026-09-08,IndiGo,6E 2340,2026-09-08 12:15,2026-09-08 14:10,0,115,6155.0,,,INR,,,,2026-09-07T17:41:33.479507+00:00
Google Flights via SerpApi,AMD,DEL,AMD,DEL,2026-09-08,IndiGo,6E 5072,2026-09-08 14:35,2026-09-08 16:20,0,105,6365.0,,,INR,,,,2026-09-07T17:41:33.479507+00:00
Google Flights via SerpApi,AMD,DEL,AMD,DEL,2026-09-08,IndiGo,6E 932,2026-09-08 21:50,2026-09-08 23:30,0,100,6365.0,,,INR,,,,2026-09-07T17:41:33.479507+00:00
Google Flights via SerpApi,AMD,DEL,AMD,DEL,2026-09-08,IndiGo,6E 980,2026-09-08 17:05,2026-09-08 18:50,0,105,6575.0,,,INR,,,,2026-09-07T17:41:33.479507+00:00
Google Flights via SerpApi,AMD,DEL,AMD,DEL,2026-09-08,IndiGo,6E 2263,2026-09-08 19:25,2026-09-08 21:05,0,100,6575.0,,,INR,,,,2026-09-07T17:41:33.479507+00:00
Google Flights via SerpApi,AMD,DEL,AMD,DEL,2026-09-08,IndiGo,6E 2209,2026-09-08 05:00,2026-09-08 06:45,0,105,8045.0,,,INR,,,,2026-09-07T17:41:33.479507+00:00
Google Flights via SerpApi,AMD,DEL,AMD,DEL,2026-09-08,Air India,AI 1121,2026-09-08 20:10,2026-09-08 21:55,0,105,6837.0,,,INR,,,,2026-09-07T17:41:33.479507+00:00
Google Flights via SerpApi,AMD,DEL,AMD,DEL,2026-09-08,IndiGo,6E 2179,2026-09-08 09:50,2026-09-08 11:35,0,105,8885.0,,,INR,,,,2026-09-07T17:41:33.479507+00:00
Google Flights via SerpApi,AMD,DEL,AMD,DEL,2026-09-08,Air India,AI 2906,2026-09-08 06:25,2026-09-08 08:15,0,110,9567.0,,,INR,,,,2026-09-07T17:41:33.479507+00:00
Google Flights via SerpApi,AMD,DEL,AMD,DEL,2026-09-08,IndiGo,6E 983,2026-09-08 07:30,2026-09-08 09:15,0,105,13505.0,,,INR,,,,2026-09-07T17:41:33.479507+00:00
Google Flights via SerpApi,AMD,DEL,AMD,DEL,2026-09-08,Air India,AI 1117,2026-09-08 08:25,2026-09-08 10:15,0,110,16865.0,,,INR,,,,2026-09-07T17:41:33.479507+00:00
Google Flights via SerpApi,AMD,DEL,AMD,DEL,2026-09-08,THAI,"TG 344, TG 315",2026-09-08 01:05,2026-09-08 21:50,1,1245,34910.0,,,INR,,,,2026-09-07T17:41:33.479507+00:00
Google Flights via SerpApi,AMD,DEL,AMD,DEL,2026-09-08,Etihad,"EY 247, EY 214",2026-09-08 05:40,2026-09-08 14:10,1,510,70614.0,,,INR,,,,2026-09-07T17:41:33.479507+00:00
Google Flights via SerpApi,AMD,DIU,AMD,DIU,2026-09-08,Star Air,S5 424,2026-09-08 10:30,2026-09-08 11:30,0,60,3028.0,,,INR,,,,2026-09-07T17:41:40.311761+00:00
Google Flights via SerpApi,AMD,DIU,AMD,DIU,2026-09-08,IndiGo,6E 7966,2026-09-08 11:10,2026-09-08 12:30,0,80,3145.0,,,INR,,,,2026-09-07T17:41:40.311761+00:00
Google Flights via SerpApi,AMD,IXK,AMD,IXK,2026-09-08,Alliance Air,9I 603,2026-09-08 15:10,2026-09-08 16:00,0,50,2740.0,,,INR,,,,2026-09-07T17:41:49.671595+00:00
Google Flights via SerpApi,AMD,JGA,AMD,JGA,2026-09-08,"Air India, Air India Express","AI 2494, IX 1805",2026-09-08 21:00,2026-09-09 12:25,1,925,10970.0,,,INR,,,,2026-09-07T17:41:56.378630+00:00
Google Flights via SerpApi,AMD,JGA,AMD,JGA,2026-09-08,"Air India, Air India Express","AI 494, IX 1807",2026-09-08 08:45,2026-09-08 17:00,1,495,18010.0,,,INR,,,,2026-09-07T17:41:56.378630+00:00
Google Flights via SerpApi,AMD,JGA,AMD,JGA,2026-09-08,IndiGo,"6E 6285, 6E 5150",2026-09-08 04:00,2026-09-08 10:10,1,370,18898.0,,,INR,,,,2026-09-07T17:41:56.378630+00:00
Google Flights via SerpApi,AMD,JGA,AMD,JGA,2026-09-08,"Air India, Air India Express","AI 2848, IX 1807",2026-09-08 12:00,2026-09-08 17:00,1,300,20533.0,,,INR,,,,2026-09-07T17:41:56.378630+00:00
Google Flights via SerpApi,AMD,JGA,AMD,JGA,2026-09-08,"Air India, Air India Express","AI 2918, IX 1805",2026-09-08 06:00,2026-09-08 12:25,1,385,22309.0,,,INR,,,,2026-09-07T17:41:56.378630+00:00
Google Flights via SerpApi,AMD,MAA,AMD,MAA,2026-09-08,IndiGo,6E 348,2026-09-08 21:45,2026-09-09 00:15,0,150,9187.0,,,INR,,,,2026-09-07T17:44:26.219258+00:00
Google Flights via SerpApi,AMD,MAA,AMD,MAA,2026-09-08,IndiGo,6E 6539,2026-09-08 16:50,2026-09-08 19:15,0,145,10762.0,,,INR,,,,2026-09-07T17:44:26.219258+00:00
Google Flights via SerpApi,AMD,MAA,AMD,MAA,2026-09-08,Air India,"AI 2504, AI 435",2026-09-08 14:55,2026-09-08 20:30,1,335,11263.0,,,INR,,,,2026-09-07T17:44:26.219258+00:00
Google Flights via SerpApi,AMD,MAA,AMD,MAA,2026-09-08,IndiGo,"6E 823, 6E 6208",2026-09-08 08:20,2026-09-08 13:55,1,335,12184.0,,,INR,,,,2026-09-07T17:44:26.219258+00:00
Google Flights via SerpApi,AMD,MAA,AMD,MAA,2026-09-08,Air India Express,"IX 1508, IX 2942",2026-09-08 08:50,2026-09-08 13:50,1,300,13931.0,,,INR,,,,2026-09-07T17:44:26.219258+00:00
Google Flights via SerpApi,AMD,MAA,AMD,MAA,2026-09-08,IndiGo,6E 479,2026-09-08 06:50,2026-09-08 09:15,0,145,12022.0,,,INR,,,,2026-09-07T17:44:26.219258+00:00
Google Flights via SerpApi,AMD,MAA,AMD,MAA,2026-09-08,IndiGo,"6E 5078, 6E 5337",2026-09-08 10:55,2026-09-08 15:50,1,295,12884.0,,,INR,,,,2026-09-07T17:44:26.219258+00:00
Google Flights via SerpApi,AMD,MAA,AMD,MAA,2026-09-08,IndiGo,"6E 863, 6E 6077",2026-09-08 16:55,2026-09-08 21:25,1,270,12884.0,,,INR,,,,2026-09-07T17:44:26.219258+00:00
Google Flights via SerpApi,AMD,MAA,AMD,MAA,2026-09-08,IndiGo,"6E 6098, 6E 598",2026-09-08 15:00,2026-09-08 19:10,1,250,14821.0,,,INR,,,,2026-09-07T17:44:26.219258+00:00
Google Flights via SerpApi,AMD,MAA,AMD,MAA,2026-09-08,Air India,"AI 2916, AI 2827",2026-09-08 17:55,2026-09-08 22:35,1,280,16920.0,,,INR,,,,2026-09-07T17:44:26.219258+00:00
Google Flights via SerpApi,AMD,MAA,AMD,MAA,2026-09-08,Malaysia Airlines,"MH 107, MH 182",2026-09-08 22:45,2026-09-09 10:45,1,720,47040.0,,,INR,,,,2026-09-07T17:44:26.219258+00:00
Google Flights via SerpApi,AMD,MAA,AMD,MAA,2026-09-08,"Etihad, Akasa Air","EY 247, QP 587",2026-09-08 05:40,2026-09-08 15:05,1,565,58918.0,,,INR,,,,2026-09-07T17:44:26.219258+00:00
Google Flights via SerpApi,AMD,PNQ,AMD,PNQ,2026-09-08,IndiGo,"6E 7187, 6E 120",2026-09-08 20:10,2026-09-09 04:35,1,505,6197.0,,,INR,,,,2026-09-07T17:44:32.550829+00:00
Google Flights via SerpApi,AMD,PNQ,AMD,PNQ,2026-09-08,Akasa Air,QP 1911,2026-09-08 05:45,2026-09-08 07:10,0,85,7812.0,,,INR,,,,2026-09-07T17:44:32.550829+00:00
Google Flights via SerpApi,AMD,PNQ,AMD,PNQ,2026-09-08,IndiGo,6E 2154,2026-09-08 06:40,2026-09-08 08:10,0,90,7979.0,,,INR,,,,2026-09-07T17:44:32.550829+00:00
Google Flights via SerpApi,AMD,PNQ,AMD,PNQ,2026-09-08,IndiGo,"6E 7173, 6E 6192",2026-09-08 06:55,2026-09-08 13:20,1,385,7672.0,,,INR,,,,2026-09-07T17:44:32.550829+00:00
Google Flights via SerpApi,AMD,PNQ,AMD,PNQ,2026-09-08,IndiGo,6E 699,2026-09-08 02:40,2026-09-08 03:50,0,70,9239.0,,,INR,,,,2026-09-07T17:44:32.550829+00:00
Google Flights via SerpApi,AMD,PNQ,AMD,PNQ,2026-09-08,Akasa Air,QP 1917,2026-09-08 20:40,2026-09-08 22:10,0,90,9290.0,,,INR,,,,2026-09-07T17:44:32.550829+00:00
Google Flights via SerpApi,AMD,PNQ,AMD,PNQ,2026-09-08,IndiGo,6E 522,2026-09-08 13:55,2026-09-08 15:10,0,75,9344.0,,,INR,,,,2026-09-07T17:44:32.550829+00:00
Google Flights via SerpApi,AMD,PNQ,AMD,PNQ,2026-09-08,IndiGo,6E 794,2026-09-08 20:45,2026-09-08 22:00,0,75,17744.0,,,INR,,,,2026-09-07T17:44:32.550829+00:00
Google Flights via SerpApi,AMD,PXN,AMD,PXN,2026-09-08,Star Air,S5 618,2026-09-08 06:15,2026-09-08 08:45,0,150,10909.0,,,INR,,,,2026-09-07T17:44:37.042711+00:00
Google Flights via SerpApi,AMD,PXN,AMD,PXN,2026-09-08,IndiGo,"6E 2209, 6E 6175",2026-09-08 05:00,2026-09-08 13:00,1,480,14278.0,,,INR,,,,2026-09-07T17:44:37.042711+00:00
Google Flights via SerpApi,AMD,PXN,AMD,PXN,2026-09-08,IndiGo,"6E 983, 6E 6175",2026-09-08 07:30,2026-09-08 13:00,1,330,19313.0,,,INR,,,,2026-09-07T17:44:37.042711+00:00
Google Flights via SerpApi,BLR,AMD,BLR,AMD,2026-09-08,IndiGo,6E 586,2026-09-08 05:10,2026-09-08 07:20,0,130,12033.0,,,INR,,,,2026-09-07T17:44:42.473902+00:00
Google Flights via SerpApi,BLR,AMD,BLR,AMD,2026-09-08,IndiGo,"6E 116, 6E 819",2026-09-08 23:05,2026-09-09 06:10,1,425,12125.0,,,INR,,,,2026-09-07T17:44:42.473902+00:00
Google Flights via SerpApi,BLR,AMD,BLR,AMD,2026-09-08,Akasa Air,QP 1906,2026-09-08 21:40,2026-09-08 23:50,0,130,13371.0,,,INR,,,,2026-09-07T17:44:42.473902+00:00
Google Flights via SerpApi,BLR,AMD,BLR,AMD,2026-09-08,IndiGo,6E 6595,2026-09-08 13:55,2026-09-08 16:00,0,125,14868.0,,,INR,,,,2026-09-07T17:44:42.473902+00:00
Google Flights via SerpApi,BLR,AMD,BLR,AMD,2026-09-08,IndiGo,"6E 6563, 6E 819",2026-09-08 01:05,2026-09-08 06:10,1,305,15244.0,,,INR,,,,2026-09-07T17:44:42.473902+00:00
Google Flights via SerpApi,BLR,AMD,BLR,AMD,2026-09-08,IndiGo,"6E 6554, 6E 281",2026-09-08 19:15,2026-09-08 23:15,1,240,15706.0,,,INR,,,,2026-09-07T17:44:42.473902+00:00
Google Flights via SerpApi,BLR,AMD,BLR,AMD,2026-09-08,IndiGo,6E 239,2026-09-08 16:50,2026-09-08 19:00,0,130,15813.0,,,INR,,,,2026-09-07T17:44:42.473902+00:00
Google Flights via SerpApi,BLR,AMD,BLR,AMD,2026-09-08,IndiGo,6E 6423,2026-09-08 20:00,2026-09-08 22:10,0,130,15813.0,,,INR,,,,2026-09-07T17:44:42.473902+00:00
Google Flights via SerpApi,BLR,AMD,BLR,AMD,2026-09-08,"Akasa Air, Etihad","QP 590, EY 246",2026-09-08 10:15,2026-09-09 04:25,1,1090,57087.0,,,INR,,,,2026-09-07T17:44:42.473902+00:00
Google Flights via SerpApi,BLR,BOM,BLR,BOM,2026-09-08,IndiGo,"6E 747, 6E 6598",2026-09-08 17:55,2026-09-08 23:45,1,350,7922.0,,,INR,,,,2026-09-07T17:44:47.894117+00:00
Google Flights via SerpApi,BLR,BOM,BLR,BOM,2026-09-08,IndiGo,"6E 6554, 6E 6156",2026-09-08 19:15,2026-09-09 01:25,1,370,8058.0,,,INR,,,,2026-09-07T17:44:47.894117+00:00
Google Flights via SerpApi,BLR,BOM,BLR,BOM,2026-09-08,IndiGo,"6E 109, 6E 5310",2026-09-08 17:00,2026-09-08 22:50,1,350,8861.0,,,INR,,,,2026-09-07T17:44:47.894117+00:00
Google Flights via SerpApi,BLR,BOM,BLR,BOM,2026-09-08,IndiGo,"6E 586, 6E 6468",2026-09-08 05:10,2026-09-08 10:30,1,320,9807.0,,,INR,,,,2026-09-07T17:44:47.894117+00:00
Google Flights via SerpApi,BLR,BOM,BLR,BOM,2026-09-08,IndiGo,"6E 6653, 6E 5231",2026-09-08 12:35,2026-09-08 17:50,1,315,11243.0,,,INR,,,,2026-09-07T17:44:47.894117+00:00
Google Flights via SerpApi,BLR,BOM,BLR,BOM,2026-09-08,IndiGo,"6E 6753, 6E 5242",2026-09-08 15:15,2026-09-08 19:55,1,280,12145.0,,,INR,,,,2026-09-07T17:44:47.894117+00:00
Google Flights via SerpApi,BLR,BOM,BLR,BOM,2026-09-08,IndiGo,"6E 6067, 6E 5039",2026-09-08 16:30,2026-09-08 20:30,1,240,12276.0,,,INR,,,,2026-09-07T17:44:47.894117+00:00
Google Flights via SerpApi,BLR,BOM,BLR,BOM,2026-09-08,IndiGo,6E 5218,2026-09-08 13:00,2026-09-08 14:50,0,110,18112.0,,,INR,,,,2026-09-07T17:44:47.894117+00:00
Google Flights via SerpApi,BLR,BOM,BLR,BOM,2026-09-08,IndiGo,6E 5351,2026-09-08 14:20,2026-09-08 16:05,0,105,18112.0,,,INR,,,,2026-09-07T17:44:47.894117+00:00
Google Flights via SerpApi,BLR,BOM,BLR,BOM,2026-09-08,Akasa Air,QP 1515,2026-09-08 06:20,2026-09-08 08:00,0,100,18510.0,,,INR,,,,2026-09-07T17:44:47.894117+00:00
Google Flights via SerpApi,BLR,BOM,BLR,BOM,2026-09-08,Akasa Air,QP 1517,2026-09-08 07:40,2026-09-08 09:25,0,105,18510.0,,,INR,,,,2026-09-07T17:44:47.894117+00:00
Google Flights via SerpApi,BLR,BOM,BLR,BOM,2026-09-08,Air India,AI 2811,2026-09-08 23:40,2026-09-09 01:45,0,125,19878.0,,,INR,,,,2026-09-07T17:44:47.894117+00:00
Google Flights via SerpApi,BLR,BOM,BLR,BOM,2026-09-08,Air India,AI 2402,2026-09-08 06:35,2026-09-08 08:35,0,120,19164.0,,,INR,,,,2026-09-07T17:44:47.894117+00:00
Google Flights via SerpApi,BLR,BOM,BLR,BOM,2026-09-08,Air India,AI 2852,2026-09-08 10:30,2026-09-08 12:35,0,125,19164.0,,,INR,,,,2026-09-07T17:44:47.894117+00:00
Google Flights via SerpApi,BLR,BOM,BLR,BOM,2026-09-08,Air India,AI 2840,2026-09-08 22:30,2026-09-09 00:35,0,125,19164.0,,,INR,,,,2026-09-07T17:44:47.894117+00:00
Google Flights via SerpApi,BLR,BOM,BLR,BOM,2026-09-08,IndiGo,6E 5237,2026-09-08 10:15,2026-09-08 12:05,0,110,19999.0,,,INR,,,,2026-09-07T17:44:47.894117+00:00
Google Flights via SerpApi,BLR,BOM,BLR,BOM,2026-09-08,Akasa Air,QP 1150,2026-09-08 16:05,2026-09-08 18:05,0,120,21555.0,,,INR,,,,2026-09-07T17:44:47.894117+00:00
Google Flights via SerpApi,BLR,BOM,BLR,BOM,2026-09-08,IndiGo,6E 5051,2026-09-08 08:30,2026-09-08 10:15,0,105,19999.0,,,INR,,,,2026-09-07T17:44:47.894117+00:00
Google Flights via SerpApi,BLR,BOM,BLR,BOM,2026-09-08,Akasa Air,QP 1383,2026-09-08 05:25,2026-09-08 07:10,0,105,21555.0,,,INR,,,,2026-09-07T17:44:47.894117+00:00
Google Flights via SerpApi,BLR,BOM,BLR,BOM,2026-09-08,IndiGo,6E 5216,2026-09-08 07:25,2026-09-08 09:10,0,105,19999.0,,,INR,,,,2026-09-07T17:44:47.894117+00:00
Google Flights via SerpApi,BLR,BOM,BLR,BOM,2026-09-08,IndiGo,6E 5255,2026-09-08 17:25,2026-09-08 19:05,0,100,19999.0,,,INR,,,,2026-09-07T17:44:47.894117+00:00
Google Flights via SerpApi,BLR,BOM,BLR,BOM,2026-09-08,Akasa Air,QP 1134,2026-09-08 22:55,2026-09-09 00:45,0,110,20136.0,,,INR,,,,2026-09-07T17:44:47.894117+00:00
Google Flights via SerpApi,BLR,BOM,BLR,BOM,2026-09-08,IndiGo,6E 5031,2026-09-08 16:00,2026-09-08 17:45,0,105,19999.0,,,INR,,,,2026-09-07T17:44:47.894117+00:00
Google Flights via SerpApi,BLR,BOM,BLR,BOM,2026-09-08,IndiGo,6E 6283,2026-09-08 19:05,2026-09-08 20:40,0,95,19999.0,,,INR,,,,2026-09-07T17:44:47.894117+00:00
Google Flights via SerpApi,BLR,BOM,BLR,BOM,2026-09-08,Akasa Air,QP 1528,2026-09-08 10:20,2026-09-08 12:10,0,110,21555.0,,,INR,,,,2026-09-07T17:44:47.894117+00:00
Google Flights via SerpApi,BLR,BOM,BLR,BOM,2026-09-08,Akasa Air,QP 1132,2026-09-08 15:20,2026-09-08 17:20,0,120,24715.0,,,INR,,,,2026-09-07T17:44:47.894117+00:00
Google Flights via SerpApi,BLR,BOM,BLR,BOM,2026-09-08,Air India,AI 2858,2026-09-08 02:20,2026-09-08 04:10,0,110,26834.0,,,INR,,,,2026-09-07T17:44:47.894117+00:00
Google Flights via SerpApi,BLR,BOM,BLR,BOM,2026-09-08,Air India,AI 2630,2026-09-08 12:05,2026-09-08 14:05,0,120,26834.0,,,INR,,,,2026-09-07T17:44:47.894117+00:00
Google Flights via SerpApi,BLR,BOM,BLR,BOM,2026-09-08,Air India,AI 2604,2026-09-08 09:15,2026-09-08 11:15,0,120,26834.0,,,INR,,,,2026-09-07T17:44:47.894117+00:00
Google Flights via SerpApi,BLR,BOM,BLR,BOM,2026-09-08,Air India,AI 2854,2026-09-08 18:05,2026-09-08 20:05,0,120,26834.0,,,INR,,,,2026-09-07T17:44:47.894117+00:00
Google Flights via SerpApi,BLR,BOM,BLR,BOM,2026-09-08,Air India,AI 2642,2026-09-08 21:30,2026-09-08 23:35,0,125,26834.0,,,INR,,,,2026-09-07T17:44:47.894117+00:00
Google Flights via SerpApi,BLR,BOM,BLR,BOM,2026-09-08,Air India,AI 2610,2026-09-08 19:00,2026-09-08 21:05,0,125,26834.0,,,INR,,,,2026-09-07T17:44:47.894117+00:00
Google Flights via SerpApi,BLR,DEL,BLR,DEL,2026-09-08,IndiGo,6E 6039,2026-09-08 17:00,2026-09-08 19:50,0,170,8259.0,,,INR,,,,2026-09-07T17:44:57.344905+00:00
Google Flights via SerpApi,BLR,DEL,BLR,DEL,2026-09-08,Air India,AI 428,2026-09-08 15:30,2026-09-08 18:15,0,165,8415.0,,,INR,,,,2026-09-07T17:44:57.344905+00:00
Google Flights via SerpApi,BLR,DEL,BLR,DEL,2026-09-08,Akasa Air,QP 1821,2026-09-08 13:10,2026-09-08 16:00,0,170,8714.0,,,INR,,,,2026-09-07T17:44:57.344905+00:00
Google Flights via SerpApi,BLR,DEL,BLR,DEL,2026-09-08,IndiGo,6E 836,2026-09-08 05:05,2026-09-08 07:55,0,170,8259.0,,,INR,,,,2026-09-07T17:44:57.344905+00:00
Google Flights via SerpApi,BLR,DEL,BLR,DEL,2026-09-08,IndiGo,6E 809,2026-09-08 12:00,2026-09-08 14:50,0,170,8259.0,,,INR,,,,2026-09-07T17:44:57.344905+00:00
Google Flights via SerpApi,BLR,DEL,BLR,DEL,2026-09-08,IndiGo,6E 860,2026-09-08 15:45,2026-09-08 18:35,0,170,8259.0,,,INR,,,,2026-09-07T17:44:57.344905+00:00
Google Flights via SerpApi,BLR,DEL,BLR,DEL,2026-09-08,IndiGo,6E 2313,2026-09-08 23:30,2026-09-09 02:20,0,170,8259.0,,,INR,,,,2026-09-07T17:44:57.344905+00:00
Google Flights via SerpApi,BLR,DEL,BLR,DEL,2026-09-08,Air India,AI 2414,2026-09-08 05:30,2026-09-08 08:25,0,175,8268.0,,,INR,,,,2026-09-07T17:44:57.344905+00:00
Google Flights via SerpApi,BLR,DEL,BLR,DEL,2026-09-08,Air India,AI 2804,2026-09-08 10:00,2026-09-08 13:00,0,180,8415.0,,,INR,,,,2026-09-07T17:44:57.344905+00:00
Google Flights via SerpApi,BLR,DEL,BLR,DEL,2026-09-08,Air India,AI 2406,2026-09-08 11:00,2026-09-08 14:00,0,180,8415.0,,,INR,,,,2026-09-07T17:44:57.344905+00:00
Google Flights via SerpApi,BLR,DEL,BLR,DEL,2026-09-08,Air India,AI 2511,2026-09-08 15:00,2026-09-08 18:00,0,180,8415.0,,,INR,,,,2026-09-07T17:44:57.344905+00:00
Google Flights via SerpApi,BLR,DEL,BLR,DEL,2026-09-08,Air India,AI 2418,2026-09-08 16:30,2026-09-08 19:25,0,175,8415.0,,,INR,,,,2026-09-07T17:44:57.344905+00:00
Google Flights via SerpApi,BLR,DEL,BLR,DEL,2026-09-08,Air India,AI 2820,2026-09-08 17:25,2026-09-08 20:30,0,185,8415.0,,,INR,,,,2026-09-07T17:44:57.344905+00:00
Google Flights via SerpApi,BLR,DEL,BLR,DEL,2026-09-08,Air India Express,IX 5976,2026-09-08 01:15,2026-09-08 04:10,0,175,8445.0,,,INR,,,,2026-09-07T17:44:57.344905+00:00
Google Flights via SerpApi,BLR,DEL,BLR,DEL,2026-09-08,Akasa Air,QP 1811,2026-09-08 04:10,2026-09-08 07:00,0,170,8714.0,,,INR,,,,2026-09-07T17:44:57.344905+00:00
Google Flights via SerpApi,BLR,DEL,BLR,DEL,2026-09-08,Akasa Air,QP 1359,2026-09-08 05:00,2026-09-08 07:50,0,170,8714.0,,,INR,,,,2026-09-07T17:44:57.344905+00:00
Google Flights via SerpApi,BLR,DEL,BLR,DEL,2026-09-08,Akasa Air,QP 1307,2026-09-08 17:20,2026-09-08 20:15,0,175,8714.0,,,INR,,,,2026-09-07T17:44:57.344905+00:00
Google Flights via SerpApi,BLR,DEL,BLR,DEL,2026-09-08,IndiGo,6E 840,2026-09-08 13:55,2026-09-08 16:45,0,170,8715.0,,,INR,,,,2026-09-07T17:44:57.344905+00:00
Google Flights via SerpApi,BLR,DEL,BLR,DEL,2026-09-08,IndiGo,6E 175,2026-09-08 10:45,2026-09-08 13:35,0,170,8715.0,,,INR,,,,2026-09-07T17:44:57.344905+00:00
Google Flights via SerpApi,BLR,DEL,BLR,DEL,2026-09-08,IndiGo,6E 6034,2026-09-08 18:15,2026-09-08 21:05,0,170,8715.0,,,INR,,,,2026-09-07T17:44:57.344905+00:00
Google Flights via SerpApi,BLR,DEL,BLR,DEL,2026-09-08,Air India,AI 2486,2026-09-08 14:00,2026-09-08 16:45,0,165,8872.0,,,INR,,,,2026-09-07T17:44:57.344905+00:00
Google Flights via SerpApi,BLR,DEL,BLR,DEL,2026-09-08,Air India,AI 2665,2026-09-08 19:40,2026-09-08 22:40,0,180,8872.0,,,INR,,,,2026-09-07T17:44:57.344905+00:00
Google Flights via SerpApi,BLR,DEL,BLR,DEL,2026-09-08,Air India,AI 2488,2026-09-08 22:30,2026-09-09 01:25,0,175,8872.0,,,INR,,,,2026-09-07T17:44:57.344905+00:00
Google Flights via SerpApi,BLR,DEL,BLR,DEL,2026-09-08,Akasa Air,QP 1823,2026-09-08 06:05,2026-09-08 08:50,0,165,9141.0,,,INR,,,,2026-09-07T17:44:57.344905+00:00
Google Flights via SerpApi,BLR,DEL,BLR,DEL,2026-09-08,IndiGo,6E 804,2026-09-08 03:00,2026-09-08 05:50,0,170,9201.0,,,INR,,,,2026-09-07T17:44:57.344905+00:00
Google Flights via SerpApi,BLR,DEL,BLR,DEL,2026-09-08,IndiGo,6E 6406,2026-09-08 22:00,2026-09-09 00:50,0,170,9201.0,,,INR,,,,2026-09-07T17:44:57.344905+00:00
Google Flights via SerpApi,BLR,DEL,BLR,DEL,2026-09-08,Air India,AI 2802,2026-09-08 18:20,2026-09-08 21:10,0,170,9360.0,,,INR,,,,2026-09-07T17:44:57.344905+00:00
Google Flights via SerpApi,BLR,DEL,BLR,DEL,2026-09-08,Air India,AI 2818,2026-09-08 20:00,2026-09-08 22:45,0,165,9512.0,,,INR,,,,2026-09-07T17:44:57.344905+00:00
Google Flights via SerpApi,BLR,DEL,BLR,DEL,2026-09-08,IndiGo,6E 870,2026-09-08 19:30,2026-09-08 22:15,0,165,9201.0,,,INR,,,,2026-09-07T17:44:57.344905+00:00
Google Flights via SerpApi,BLR,DEL,BLR,DEL,2026-09-08,IndiGo,6E 817,2026-09-08 20:40,2026-09-08 23:30,0,170,9201.0,,,INR,,,,2026-09-07T17:44:57.344905+00:00
Google Flights via SerpApi,BLR,DEL,BLR,DEL,2026-09-08,Air India Express,IX 1040,2026-09-08 14:40,2026-09-08 17:30,0,170,9561.0,,,INR,,,,2026-09-07T17:44:57.344905+00:00
Google Flights via SerpApi,BLR,DEL,BLR,DEL,2026-09-08,Air India,AI 2810,2026-09-08 06:00,2026-09-08 08:45,0,165,13045.0,,,INR,,,,2026-09-07T17:44:57.344905+00:00
Google Flights via SerpApi,BLR,DEL,BLR,DEL,2026-09-08,Air India,AI 2868,2026-09-08 09:00,2026-09-08 12:00,0,180,13271.0,,,INR,,,,2026-09-07T17:44:57.344905+00:00
Google Flights via SerpApi,BLR,DEL,BLR,DEL,2026-09-08,Air India,AI 2654,2026-09-08 07:00,2026-09-08 10:00,0,180,15224.0,,,INR,,,,2026-09-07T17:44:57.344905+00:00
Google Flights via SerpApi,BLR,DEL,BLR,DEL,2026-09-08,IndiGo,6E 844,2026-09-08 07:00,2026-09-08 09:50,0,170,11494.0,,,INR,,,,2026-09-07T17:44:57.344905+00:00
Google Flights via SerpApi,BLR,DEL,BLR,DEL,2026-09-08,IndiGo,6E 830,2026-09-08 09:30,2026-09-08 12:30,0,180,9720.0,,,INR,,,,2026-09-07T17:44:57.344905+00:00
Google Flights via SerpApi,BLR,DEL,BLR,DEL,2026-09-08,IndiGo,6E 849,2026-09-08 08:15,2026-09-08 11:05,0,170,11494.0,,,INR,,,,2026-09-07T17:44:57.344905+00:00
Google Flights via SerpApi,BLR,GOX,BLR,GOX,2026-09-08,IndiGo,6E 6526,2026-09-08 21:30,2026-09-08 22:45,0,75,4248.0,,,INR,,,,2026-09-07T17:45:02.681423+00:00
Google Flights via SerpApi,BLR,GOX,BLR,GOX,2026-09-08,Star Air,S5 181,2026-09-08 06:20,2026-09-08 07:30,0,70,4568.0,,,INR,,,,2026-09-07T17:45:02.681423+00:00
Google Flights via SerpApi,BLR,GOX,BLR,GOX,2026-09-08,IndiGo,6E 6583,2026-09-08 10:40,2026-09-08 11:45,0,65,5981.0,,,INR,,,,2026-09-07T17:45:02.681423+00:00
Google Flights via SerpApi,BLR,GOX,BLR,GOX,2026-09-08,"Air India, Air India Express","AI 2820, IX 1817",2026-09-08 17:25,2026-09-09 22:05,1,1720,17745.0,,,INR,,,,2026-09-07T17:45:02.681423+00:00
Google Flights via SerpApi,BLR,GOX,BLR,GOX,2026-09-08,"Air India, Air India Express","AI 2488, IX 1817",2026-09-08 22:30,2026-09-09 22:05,1,1415,18246.0,,,INR,,,,2026-09-07T17:45:02.681423+00:00
Google Flights via SerpApi,BLR,GOX,BLR,GOX,2026-09-08,Air India Express,"IX 1723, IX 2745",2026-09-08 22:40,2026-09-09 12:00,1,800,19503.0,,,INR,,,,2026-09-07T17:45:02.681423+00:00
Google Flights via SerpApi,BLR,GOX,BLR,GOX,2026-09-08,"Air India, Air India Express","AI 2406, IX 1049",2026-09-08 11:00,2026-09-08 21:15,1,615,19928.0,,,INR,,,,2026-09-07T17:45:02.681423+00:00
Google Flights via SerpApi,BLR,GOX,BLR,GOX,2026-09-08,"Air India, Air India Express","AI 2486, IX 1817",2026-09-08 14:00,2026-09-08 22:05,1,485,20429.0,,,INR,,,,2026-09-07T17:45:02.681423+00:00
Google Flights via SerpApi,BLR,GOX,BLR,GOX,2026-09-08,Air India Express,"IX 1040, IX 1049",2026-09-08 14:40,2026-09-08 21:15,1,395,20826.0,,,INR,,,,2026-09-07T17:45:02.681423+00:00
Google Flights via SerpApi,BLR,IXA,BLR,IXA,2026-09-08,IndiGo,"6E 442, 6E 994",2026-09-08 08:10,2026-09-08 15:00,1,410,11719.0,,,INR,,,,2026-09-07T17:47:46.293061+00:00
Google Flights via SerpApi,BLR,IXA,BLR,IXA,2026-09-08,IndiGo,"6E 6572, 6E 6173",2026-09-08 15:05,2026-09-08 19:50,1,285,11719.0,,,INR,,,,2026-09-07T17:47:46.293061+00:00
Google Flights via SerpApi,BLR,IXA,BLR,IXA,2026-09-08,IndiGo,"6E 975, 6E 7418",2026-09-08 20:20,2026-09-09 08:05,1,705,13285.0,,,INR,,,,2026-09-07T17:47:46.293061+00:00
Google Flights via SerpApi,BLR,IXA,BLR,IXA,2026-09-08,IndiGo,"6E 442, 6E 207",2026-09-08 08:10,2026-09-08 13:55,1,345,15228.0,,,INR,,,,2026-09-07T17:47:46.293061+00:00
Google Flights via SerpApi,BLR,IXA,BLR,IXA,2026-09-08,IndiGo,"6E 952, 6E 7418",2026-09-08 22:20,2026-09-09 08:05,1,585,13485.0,,,INR,,,,2026-09-07T17:47:46.293061+00:00
Google Flights via SerpApi,BLR,IXX,BLR,IXX,2026-09-08,Star Air,S5 159,2026-09-08 06:55,2026-09-08 08:10,0,75,6400.0,,,INR,,,,2026-09-07T17:47:51.397036+00:00
Google Flights via SerpApi,BLR,NDC,BLR,NDC,2026-09-08,Star Air,S5 183,2026-09-08 07:30,2026-09-08 09:00,0,90,6837.0,,,INR,,,,2026-09-07T17:47:56.304351+00:00
Google Flights via SerpApi,BLR,VDY,BLR,VDY,2026-09-08,Star Air,S5 701,2026-09-08 10:25,2026-09-08 11:15,0,50,9005.0,,,INR,,,,2026-09-07T17:48:18.675890+00:00
Google Flights via SerpApi,BOM,AMD,BOM,AMD,2026-09-08,IndiGo,6E 5107,2026-09-08 20:00,2026-09-08 21:20,0,80,9464.0,,,INR,,,,2026-09-07T17:48:24.995641+00:00
Google Flights via SerpApi,BOM,AMD,BOM,AMD,2026-09-08,IndiGo,6E 2237,2026-09-08 18:40,2026-09-08 20:00,0,80,9939.0,,,INR,,,,2026-09-07T17:48:24.995641+00:00
Google Flights via SerpApi,BOM,AMD,BOM,AMD,2026-09-08,Akasa Air,QP 1195,2026-09-08 19:20,2026-09-08 20:50,0,90,10374.0,,,INR,,,,2026-09-07T17:48:24.995641+00:00
Google Flights via SerpApi,BOM,AMD,BOM,AMD,2026-09-08,IndiGo,6E 911,2026-09-08 01:30,2026-09-08 02:50,0,80,9939.0,,,INR,,,,2026-09-07T17:48:24.995641+00:00
Google Flights via SerpApi,BOM,AMD,BOM,AMD,2026-09-08,Air India,AI 2493,2026-09-08 18:25,2026-09-08 19:40,0,75,11342.0,,,INR,,,,2026-09-07T17:48:24.995641+00:00
Google Flights via SerpApi,BOM,AMD,BOM,AMD,2026-09-08,IndiGo,6E 632,2026-09-08 04:00,2026-09-08 05:20,0,80,9939.0,,,INR,,,,2026-09-07T17:48:24.995641+00:00
Google Flights via SerpApi,BOM,AMD,BOM,AMD,2026-09-08,IndiGo,6E 5152,2026-09-08 23:10,2026-09-09 00:35,0,85,9939.0,,,INR,,,,2026-09-07T17:48:24.995641+00:00
Google Flights via SerpApi,BOM,AMD,BOM,AMD,2026-09-08,IndiGo,6E 5283,2026-09-08 21:50,2026-09-08 23:25,0,95,11144.0,,,INR,,,,2026-09-07T17:48:24.995641+00:00
Google Flights via SerpApi,BOM,AMD,BOM,AMD,2026-09-08,Air India,AI 2919,2026-09-08 21:35,2026-09-08 22:55,0,80,11342.0,,,INR,,,,2026-09-07T17:48:24.995641+00:00
Google Flights via SerpApi,BOM,AMD,BOM,AMD,2026-09-08,IndiGo,6E 5201,2026-09-08 14:55,2026-09-08 16:20,0,85,11934.0,,,INR,,,,2026-09-07T17:48:24.995641+00:00
Google Flights via SerpApi,BOM,AMD,BOM,AMD,2026-09-08,IndiGo,6E 5144,2026-09-08 06:10,2026-09-08 07:25,0,75,13979.0,,,INR,,,,2026-09-07T17:48:24.995641+00:00
Google Flights via SerpApi,BOM,AMD,BOM,AMD,2026-09-08,IndiGo,6E 2347,2026-09-08 08:50,2026-09-08 10:15,0,85,15974.0,,,INR,,,,2026-09-07T17:48:24.995641+00:00
Google Flights via SerpApi,BOM,AMD,BOM,AMD,2026-09-08,Air India,AI 493,2026-09-08 06:40,2026-09-08 07:50,0,70,16728.0,,,INR,,,,2026-09-07T17:48:24.995641+00:00
Google Flights via SerpApi,BOM,AMD,BOM,AMD,2026-09-08,Air India,AI 2847,2026-09-08 09:55,2026-09-08 11:25,0,90,16728.0,,,INR,,,,2026-09-07T17:48:24.995641+00:00
Google Flights via SerpApi,BOM,AMD,BOM,AMD,2026-09-08,Air India,AI 2503,2026-09-08 12:55,2026-09-08 14:15,0,80,16728.0,,,INR,,,,2026-09-07T17:48:24.995641+00:00
Google Flights via SerpApi,BOM,AMD,BOM,AMD,2026-09-08,Air India,AI 2915,2026-09-08 15:30,2026-09-08 16:50,0,80,16728.0,,,INR,,,,2026-09-07T17:48:24.995641+00:00
Google Flights via SerpApi,BOM,BLR,BOM,BLR,2026-09-08,IndiGo,6E 5323,2026-09-08 01:10,2026-09-08 03:05,0,115,4945.0,,,INR,,,,2026-09-07T17:48:34.720865+00:00
Google Flights via SerpApi,BOM,BLR,BOM,BLR,2026-09-08,IndiGo,6E 5294,2026-09-08 04:30,2026-09-08 06:25,0,115,4945.0,,,INR,,,,2026-09-07T17:48:34.720865+00:00
Google Flights via SerpApi,BOM,BLR,BOM,BLR,2026-09-08,Air India,AI 2812,2026-09-08 02:05,2026-09-08 04:10,0,125,5143.0,,,INR,,,,2026-09-07T17:48:34.720865+00:00
Google Flights via SerpApi,BOM,BLR,BOM,BLR,2026-09-08,IndiGo,"6E 5337, 6E 365",2026-09-08 13:45,2026-09-08 18:45,1,300,5358.0,,,INR,,,,2026-09-07T17:48:34.720865+00:00
Google Flights via SerpApi,BOM,BLR,BOM,BLR,2026-09-08,Akasa Air,QP 1516,2026-09-08 00:40,2026-09-08 02:35,0,115,6487.0,,,INR,,,,2026-09-07T17:48:34.720865+00:00
Google Flights via SerpApi,BOM,BLR,BOM,BLR,2026-09-08,IndiGo,"6E 673, 6E 306",2026-09-08 12:30,2026-09-08 17:10,1,280,5525.0,,,INR,,,,2026-09-07T17:48:34.720865+00:00
Google Flights via SerpApi,BOM,BLR,BOM,BLR,2026-09-08,IndiGo,6E 5092,2026-09-08 09:50,2026-09-08 11:55,0,125,6957.0,,,INR,,,,2026-09-07T17:48:34.720865+00:00
Google Flights via SerpApi,BOM,BLR,BOM,BLR,2026-09-08,IndiGo,6E 5217,2026-09-08 11:00,2026-09-08 12:55,0,115,6957.0,,,INR,,,,2026-09-07T17:48:34.720865+00:00
Google Flights via SerpApi,BOM,BLR,BOM,BLR,2026-09-08,IndiGo,6E 5071,2026-09-08 15:35,2026-09-08 17:25,0,110,6957.0,,,INR,,,,2026-09-07T17:48:34.720865+00:00
Google Flights via SerpApi,BOM,BLR,BOM,BLR,2026-09-08,IndiGo,6E 5184,2026-09-08 12:30,2026-09-08 14:25,0,115,6957.0,,,INR,,,,2026-09-07T17:48:34.720865+00:00
Google Flights via SerpApi,BOM,BLR,BOM,BLR,2026-09-08,IndiGo,6E 5382,2026-09-08 14:30,2026-09-08 16:25,0,115,6957.0,,,INR,,,,2026-09-07T17:48:34.720865+00:00
Google Flights via SerpApi,BOM,BLR,BOM,BLR,2026-09-08,Air India,AI 2853,2026-09-08 15:25,2026-09-08 17:35,0,130,7117.0,,,INR,,,,2026-09-07T17:48:34.720865+00:00
Google Flights via SerpApi,BOM,BLR,BOM,BLR,2026-09-08,Air India,AI 2632,2026-09-08 12:00,2026-09-08 14:05,0,125,7117.0,,,INR,,,,2026-09-07T17:48:34.720865+00:00
Google Flights via SerpApi,BOM,BLR,BOM,BLR,2026-09-08,Akasa Air,QP 1131,2026-09-08 10:15,2026-09-08 12:10,0,115,7264.0,,,INR,,,,2026-09-07T17:48:34.720865+00:00
Google Flights via SerpApi,BOM,BLR,BOM,BLR,2026-09-08,Air India,AI 2857,2026-09-08 23:30,2026-09-09 01:35,0,125,7432.0,,,INR,,,,2026-09-07T17:48:34.720865+00:00
Google Flights via SerpApi,BOM,BLR,BOM,BLR,2026-09-08,Air India,AI 2863,2026-09-08 10:00,2026-09-08 12:05,0,125,7353.0,,,INR,,,,2026-09-07T17:48:34.720865+00:00
Google Flights via SerpApi,BOM,BLR,BOM,BLR,2026-09-08,IndiGo,6E 5296,2026-09-08 06:30,2026-09-08 08:25,0,115,7587.0,,,INR,,,,2026-09-07T17:48:34.720865+00:00
Google Flights via SerpApi,BOM,BLR,BOM,BLR,2026-09-08,IndiGo,6E 5388,2026-09-08 22:20,2026-09-09 00:20,0,120,7587.0,,,INR,,,,2026-09-07T17:48:34.720865+00:00
Google Flights via SerpApi,BOM,BLR,BOM,BLR,2026-09-08,IndiGo,6E 5221,2026-09-08 17:00,2026-09-08 18:55,0,115,8007.0,,,INR,,,,2026-09-07T17:48:34.720865+00:00
Google Flights via SerpApi,BOM,BLR,BOM,BLR,2026-09-08,Air India,AI 2849,2026-09-08 17:30,2026-09-08 19:35,0,125,8009.0,,,INR,,,,2026-09-07T17:48:34.720865+00:00
Google Flights via SerpApi,BOM,BLR,BOM,BLR,2026-09-08,Akasa Air,QP 1149,2026-09-08 05:30,2026-09-08 07:25,0,115,8157.0,,,INR,,,,2026-09-07T17:48:34.720865+00:00
Google Flights via SerpApi,BOM,BLR,BOM,BLR,2026-09-08,Akasa Air,QP 1518,2026-09-08 21:45,2026-09-08 23:45,0,120,8819.0,,,INR,,,,2026-09-07T17:48:34.720865+00:00
Google Flights via SerpApi,BOM,BLR,BOM,BLR,2026-09-08,Air India,AI 2603,2026-09-08 06:35,2026-09-08 08:35,0,120,8881.0,,,INR,,,,2026-09-07T17:48:34.720865+00:00
Google Flights via SerpApi,BOM,BLR,BOM,BLR,2026-09-08,IndiGo,6E 5047,2026-09-08 18:30,2026-09-08 20:25,0,115,9477.0,,,INR,,,,2026-09-07T17:48:34.720865+00:00
Google Flights via SerpApi,BOM,BLR,BOM,BLR,2026-09-08,Akasa Air,QP 1382,2026-09-08 18:20,2026-09-08 20:20,0,120,9934.0,,,INR,,,,2026-09-07T17:48:34.720865+00:00
Google Flights via SerpApi,BOM,BLR,BOM,BLR,2026-09-08,IndiGo,6E 6188,2026-09-08 21:30,2026-09-08 23:25,0,115,9477.0,,,INR,,,,2026-09-07T17:48:34.720865+00:00
Google Flights via SerpApi,BOM,BLR,BOM,BLR,2026-09-08,Air India,AI 2851,2026-09-08 07:55,2026-09-08 10:05,0,130,17601.0,,,INR,,,,2026-09-07T17:48:34.720865+00:00
Google Flights via SerpApi,BOM,BLR,BOM,BLR,2026-09-08,Air India,AI 2401,2026-09-08 20:45,2026-09-08 22:45,0,120,10891.0,,,INR,,,,2026-09-07T17:48:34.720865+00:00
Google Flights via SerpApi,BOM,BLR,BOM,BLR,2026-09-08,IndiGo,6E 5193,2026-09-08 08:05,2026-09-08 09:55,0,110,10632.0,,,INR,,,,2026-09-07T17:48:34.720865+00:00
Google Flights via SerpApi,BOM,BLR,BOM,BLR,2026-09-08,Akasa Air,QP 1133,2026-09-08 19:40,2026-09-08 21:45,0,125,11208.0,,,INR,,,,2026-09-07T17:48:34.720865+00:00
Google Flights via SerpApi,BOM,BLR,BOM,BLR,2026-09-08,Air India,AI 2865,2026-09-08 19:45,2026-09-08 21:50,0,125,10429.0,,,INR,,,,2026-09-07T17:48:34.720865+00:00
Google Flights via SerpApi,BOM,BLR,BOM,BLR,2026-09-08,Akasa Air,QP 1527,2026-09-08 07:35,2026-09-08 09:35,0,120,12159.0,,,INR,,,,2026-09-07T17:48:34.720865+00:00
Google Flights via SerpApi,BOM,BLR,BOM,BLR,2026-09-08,Air India,AI 2641,2026-09-08 18:30,2026-09-08 20:35,0,125,10802.0,,,INR,,,,2026-09-07T17:48:34.720865+00:00
Google Flights via SerpApi,CCU,AMD,CCU,AMD,2026-09-08,Air India,"AI 2710, AI 2545",2026-09-08 22:30,2026-09-09 22:10,1,1420,14673.0,,,INR,,,,2026-09-08T14:07:34.105116+00:00
Google Flights via SerpApi,CCU,AMD,CCU,AMD,2026-09-08,Air India,"AI 2710, AI 2939",2026-09-08 22:30,2026-09-09 18:15,1,1185,21495.0,,,INR,,,,2026-09-08T14:07:34.105116+00:00
Google Flights via SerpApi,CCU,AMD,CCU,AMD,2026-09-08,Air India,"AI 2710, AI 817",2026-09-08 22:30,2026-09-09 07:35,1,545,33513.0,,,INR,,,,2026-09-08T14:07:34.105116+00:00
Google Flights via SerpApi,DEL,AMD,DEL,AMD,2026-09-08,Air India,AI 2909,2026-09-08 22:30,2026-09-09 00:15,0,105,19445.0,,,INR,,,,2026-09-08T14:08:00.978315+00:00
Google Flights via SerpApi,DEL,AMD,DEL,AMD,2026-09-08,IndiGo,6E 2013,2026-09-08 21:50,2026-09-08 23:25,0,95,19708.0,,,INR,,,,2026-09-08T14:08:00.978315+00:00
Google Flights via SerpApi,DEL,AMD,DEL,AMD,2026-09-08,Air India,"AI 2439, AI 493",2026-09-08 23:00,2026-09-09 07:50,1,530,33823.0,,,INR,,,,2026-09-08T14:08:00.978315+00:00
Google Flights via SerpApi,DEL,AMD,DEL,AMD,2026-09-08,Air India,"AI 1706, AI 418, AI 2915",2026-09-08 23:00,2026-09-09 16:50,2,1070,20953.0,,,INR,,,,2026-09-08T14:08:00.978315+00:00
Google Flights via SerpApi,DEL,AMD,DEL,AMD,2026-09-08,Air India,"AI 2439, AI 2915",2026-09-08 23:00,2026-09-09 16:50,1,1070,22579.0,,,INR,,,,2026-09-08T14:08:00.978315+00:00
Google Flights via SerpApi,DEL,AMD,DEL,AMD,2026-09-08,Air India,"AI 2439, AI 2503",2026-09-08 23:00,2026-09-09 15:10,1,970,30232.0,,,INR,,,,2026-09-08T14:08:00.978315+00:00
Google Flights via SerpApi,DEL,AMD,DEL,AMD,2026-09-08,"Air India Express, Air India","IX 1235, AI 2915",2026-09-08 23:25,2026-09-09 16:50,1,1045,32268.0,,,INR,,,,2026-09-08T14:08:00.978315+00:00
Google Flights via SerpApi,DEL,AMD,DEL,AMD,2026-09-08,THAI,"TG 316, TG 343",2026-09-08 23:30,2026-09-10 00:10,1,1480,33945.0,,,INR,,,,2026-09-08T14:08:00.978315+00:00
Google Flights via SerpApi,DEL,AMD,DEL,AMD,2026-09-08,"Air India Express, Air India","IX 1235, AI 493",2026-09-08 23:25,2026-09-09 07:50,1,505,40503.0,,,INR,,,,2026-09-08T14:08:00.978315+00:00
Google Flights via SerpApi,DEL,AMD,DEL,AMD,2026-09-08,Etihad,"EY 217, EY 240",2026-09-08 21:15,2026-09-09 18:50,1,1295,86248.0,,,INR,,,,2026-09-08T14:08:00.978315+00:00
Google Flights via SerpApi,DEL,IXA,DEL,IXA,2026-09-08,IndiGo,"6E 247, 6E 7418",2026-09-08 23:30,2026-09-09 08:05,1,515,8777.0,,,INR,,,,2026-09-08T14:08:08.984338+00:00
Google Flights via SerpApi,AMD,BLR,AMD,BLR,2026-09-08,IndiGo,"6E 868, 6E 5323",2026-09-08 21:25,2026-09-09 03:05,1,340,9159.0,,,INR,,,,2026-09-08T14:11:51.358814+00:00
Google Flights via SerpApi,AMD,BLR,AMD,BLR,2026-09-08,IndiGo,"6E 6351, 6E 5294",2026-09-08 23:15,2026-09-09 06:25,1,430,9159.0,,,INR,,,,2026-09-08T14:11:51.358814+00:00
Google Flights via SerpApi,AMD,BLR,AMD,BLR,2026-09-08,IndiGo,6E 996,2026-09-08 23:00,2026-09-09 01:10,0,130,9935.0,,,INR,,,,2026-09-08T14:11:51.358814+00:00
Google Flights via SerpApi,AMD,BLR,AMD,BLR,2026-09-08,"Etihad, Akasa Air","EY 241, QP 591",2026-09-08 21:20,2026-09-09 09:00,1,700,78078.0,,,INR,,,,2026-09-08T14:11:51.358814+00:00
Google Flights via SerpApi,AMD,BLR,AMD,BLR,2026-09-08,Malaysia Airlines,"MH 107, MH 104",2026-09-08 22:45,2026-09-09 10:50,1,725,107737.0,,,INR,,,,2026-09-08T14:11:51.358814+00:00
Google Flights via SerpApi,AMD,BOM,AMD,BOM,2026-09-08,IndiGo,6E 6351,2026-09-08 23:15,2026-09-09 00:30,0,75,6263.0,,,INR,,,,2026-09-08T14:11:55.754145+00:00
Google Flights via SerpApi,AMD,BOM,AMD,BOM,2026-09-08,IndiGo,6E 868,2026-09-08 21:25,2026-09-08 23:00,0,95,7468.0,,,INR,,,,2026-09-08T14:11:55.754145+00:00
Google Flights via SerpApi,AMD,BOM,AMD,BOM,2026-09-08,Air India,AI 2494,2026-09-08 21:00,2026-09-08 22:40,0,100,14599.0,,,INR,,,,2026-09-08T14:11:55.754145+00:00
Google Flights via SerpApi,AMD,BOM,AMD,BOM,2026-09-08,Etihad,"EY 241, EY 204",2026-09-08 21:20,2026-09-09 19:10,1,1310,68579.0,,,INR,,,,2026-09-08T14:11:55.754145+00:00
Google Flights via SerpApi,AMD,CCU,AMD,CCU,2026-09-08,IndiGo,6E 319,2026-09-08 22:00,2026-09-09 00:40,0,160,7034.0,,,INR,,,,2026-09-08T14:12:01.025133+00:00
Google Flights via SerpApi,AMD,CCU,AMD,CCU,2026-09-08,Air India,"AI 532, AI 2702",2026-09-08 21:30,2026-09-09 04:50,1,440,14457.0,,,INR,,,,2026-09-08T14:12:01.025133+00:00
Google Flights via SerpApi,AMD,CCU,AMD,CCU,2026-09-08,Air India,"AI 2546, AI 2702",2026-09-08 23:00,2026-09-09 04:50,1,350,15303.0,,,INR,,,,2026-09-08T14:12:01.025133+00:00
Google Flights via SerpApi,AMD,CCU,AMD,CCU,2026-09-08,Etihad,"EY 241, EY 222",2026-09-08 21:20,2026-09-09 20:30,1,1390,84917.0,,,INR,,,,2026-09-08T14:12:01.025133+00:00
Google Flights via SerpApi,AMD,DEL,AMD,DEL,2026-09-08,Air India,AI 532,2026-09-08 21:30,2026-09-08 23:40,0,130,5803.0,,,INR,,,,2026-09-08T14:12:07.964492+00:00
Google Flights via SerpApi,AMD,DEL,AMD,DEL,2026-09-08,IndiGo,6E 932,2026-09-08 21:50,2026-09-08 23:30,0,100,5985.0,,,INR,,,,2026-09-08T14:12:07.964492+00:00
Google Flights via SerpApi,AMD,DEL,AMD,DEL,2026-09-08,Air India,AI 2546,2026-09-08 23:00,2026-09-09 00:45,0,105,7940.0,,,INR,,,,2026-09-08T14:12:07.964492+00:00
Google Flights via SerpApi,AMD,DEL,AMD,DEL,2026-09-08,Etihad,"EY 241, EY 212",2026-09-08 21:20,2026-09-09 08:20,1,660,84166.0,,,INR,,,,2026-09-08T14:12:07.964492+00:00
Google Flights via SerpApi,AMD,MAA,AMD,MAA,2026-09-08,IndiGo,6E 348,2026-09-08 21:45,2026-09-09 00:15,0,150,8557.0,,,INR,,,,2026-09-08T14:39:25.131655+00:00
Google Flights via SerpApi,AMD,MAA,AMD,MAA,2026-09-08,IndiGo,"6E 996, 6E 6269",2026-09-08 23:00,2026-09-09 08:15,1,555,23033.0,,,INR,,,,2026-09-08T14:39:25.131655+00:00
Google Flights via SerpApi,AMD,MAA,AMD,MAA,2026-09-08,IndiGo,"6E 6351, 6E 5188",2026-09-08 23:15,2026-09-09 08:20,1,545,26893.0,,,INR,,,,2026-09-08T14:39:25.131655+00:00
Google Flights via SerpApi,AMD,MAA,AMD,MAA,2026-09-08,Malaysia Airlines,"MH 107, MH 182",2026-09-08 22:45,2026-09-09 10:45,1,720,47033.0,,,INR,,,,2026-09-08T14:39:25.131655+00:00
Google Flights via SerpApi,AMD,MAA,AMD,MAA,2026-09-08,Etihad,"EY 241, EY 342",2026-09-08 21:20,2026-09-09 08:25,1,665,74968.0,,,INR,,,,2026-09-08T14:39:25.131655+00:00
Google Flights via SerpApi,AMD,PNQ,AMD,PNQ,2026-09-08,Akasa Air,QP 1917,2026-09-08 20:40,2026-09-08 22:10,0,90,10620.0,,,INR,,,,2026-09-08T14:39:30.550662+00:00
Google Flights via SerpApi,AMD,PNQ,AMD,PNQ,2026-09-08,Air India,"AI 2546, AI 2711",2026-09-08 23:00,2026-09-09 04:15,1,315,14390.0,,,INR,,,,2026-09-08T14:39:30.550662+00:00
Google Flights via SerpApi,AMD,PNQ,AMD,PNQ,2026-09-08,"Etihad, Air India","EY 241, EY 212, AI 2971",2026-09-08 21:20,2026-09-09 18:15,2,1255,95497.0,,,INR,,,,2026-09-08T14:39:30.550662+00:00
Google Flights via SerpApi,AMD,PNQ,AMD,PNQ,2026-09-08,"Etihad, Air India","EY 241, EY 212, AI 1735",2026-09-08 21:20,2026-09-09 15:15,2,1075,98973.0,,,INR,,,,2026-09-08T14:39:30.550662+00:00
Google Flights via SerpApi,BLR,AMD,BLR,AMD,2026-09-08,IndiGo,"6E 116, 6E 819",2026-09-08 23:05,2026-09-09 06:10,1,425,16127.0,,,INR,,,,2026-09-08T14:39:46.322431+00:00
Google Flights via SerpApi,BLR,AMD,BLR,AMD,2026-09-08,Akasa Air,QP 1906,2026-09-08 21:40,2026-09-08 23:50,0,130,16187.0,,,INR,,,,2026-09-08T14:39:46.322431+00:00
Google Flights via SerpApi,BLR,AMD,BLR,AMD,2026-09-08,Air India,"AI 2811, AI 493",2026-09-08 23:40,2026-09-09 07:50,1,490,19166.0,,,INR,,,,2026-09-08T14:39:46.322431+00:00
Google Flights via SerpApi,BLR,AMD,BLR,AMD,2026-09-08,Air India,"AI 2488, AI 2545",2026-09-08 22:30,2026-09-09 22:10,1,1420,16203.0,,,INR,,,,2026-09-08T14:39:46.322431+00:00
Google Flights via SerpApi,BLR,AMD,BLR,AMD,2026-09-08,Air India,"AI 2811, AI 2503",2026-09-08 23:40,2026-09-09 15:10,1,930,17801.0,,,INR,,,,2026-09-08T14:39:46.322431+00:00
Google Flights via SerpApi,AMD,BLR,AMD,BLR,2026-09-10,Air India Express,IX 1508,2026-09-10 08:50,2026-09-10 11:15,0,145,8015.0,,,INR,,,,2026-09-09T14:47:02.403669+00:00
Google Flights via SerpApi,AMD,BLR,AMD,BLR,2026-09-10,Air India,"AI 2848, AI 2853",2026-09-10 12:00,2026-09-10 17:35,1,335,9907.0,,,INR,,,,2026-09-09T14:47:02.403669+00:00
Google Flights via SerpApi,AMD,BLR,AMD,BLR,2026-09-10,Akasa Air,QP 1901,2026-09-10 04:50,2026-09-10 07:10,0,140,10788.0,,,INR,,,,2026-09-09T14:47:02.403669+00:00
Google Flights via SerpApi,AMD,BLR,AMD,BLR,2026-09-10,IndiGo,"6E 5078, 6E 5221",2026-09-10 10:55,2026-09-10 18:55,1,480,10683.0,,,INR,,,,2026-09-09T14:47:02.403669+00:00
Google Flights via SerpApi,AMD,BLR,AMD,BLR,2026-09-10,IndiGo,"6E 5078, 6E 5382",2026-09-10 10:55,2026-09-10 16:25,1,330,11559.0,,,INR,,,,2026-09-09T14:47:02.403669+00:00
Google Flights via SerpApi,AMD,BLR,AMD,BLR,2026-09-10,IndiGo,"6E 6345, 6E 6163",2026-09-10 16:15,2026-09-10 20:55,1,280,12523.0,,,INR,,,,2026-09-09T14:47:02.403669+00:00
Google Flights via SerpApi,AMD,BLR,AMD,BLR,2026-09-10,IndiGo,6E 863,2026-09-10 16:55,2026-09-10 19:15,0,140,14975.0,,,INR,,,,2026-09-09T14:47:02.403669+00:00
Google Flights via SerpApi,AMD,BLR,AMD,BLR,2026-09-10,IndiGo,6E 481,2026-09-10 19:45,2026-09-10 22:05,0,140,14975.0,,,INR,,,,2026-09-09T14:47:02.403669+00:00
Google Flights via SerpApi,AMD,BLR,AMD,BLR,2026-09-10,IndiGo,6E 996,2026-09-10 23:00,2026-09-11 01:10,0,130,16025.0,,,INR,,,,2026-09-09T14:47:02.403669+00:00
Google Flights via SerpApi,AMD,BLR,AMD,BLR,2026-09-10,IndiGo,6E 823,2026-09-10 08:20,2026-09-10 10:45,0,145,20435.0,,,INR,,,,2026-09-09T14:47:02.403669+00:00
Google Flights via SerpApi,AMD,BOM,AMD,BOM,2026-09-10,Akasa Air,QP 1194,2026-09-10 04:50,2026-09-10 06:15,0,85,5369.0,,,INR,,,,2026-09-09T14:47:14.497175+00:00
Google Flights via SerpApi,AMD,BOM,AMD,BOM,2026-09-10,IndiGo,6E 6285,2026-09-10 04:00,2026-09-10 05:30,0,90,5373.0,,,INR,,,,2026-09-09T14:47:14.497175+00:00
Google Flights via SerpApi,AMD,BOM,AMD,BOM,2026-09-10,Air India,AI 494,2026-09-10 08:45,2026-09-10 10:30,0,105,11932.0,,,INR,,,,2026-09-09T14:47:14.497175+00:00
Google Flights via SerpApi,AMD,BOM,AMD,BOM,2026-09-10,Air India,"AI 2546, AI 1745",2026-09-10 23:00,2026-09-11 07:20,1,500,11592.0,,,INR,,,,2026-09-09T14:47:14.497175+00:00
Google Flights via SerpApi,AMD,BOM,AMD,BOM,2026-09-10,IndiGo,6E 5078,2026-09-10 10:55,2026-09-10 12:20,0,85,13873.0,,,INR,,,,2026-09-09T14:47:14.497175+00:00
Google Flights via SerpApi,AMD,BOM,AMD,BOM,2026-09-10,Air India,AI 2848,2026-09-10 12:00,2026-09-10 13:40,0,100,14599.0,,,INR,,,,2026-09-09T14:47:14.497175+00:00
Google Flights via SerpApi,AMD,BOM,AMD,BOM,2026-09-10,Air India,AI 2504,2026-09-10 14:55,2026-09-10 16:35,0,100,14599.0,,,INR,,,,2026-09-09T14:47:14.497175+00:00
Google Flights via SerpApi,AMD,BOM,AMD,BOM,2026-09-10,IndiGo,6E 6205,2026-09-10 01:15,2026-09-10 02:55,0,100,15558.0,,,INR,,,,2026-09-09T14:47:14.497175+00:00
Google Flights via SerpApi,AMD,BOM,AMD,BOM,2026-09-10,IndiGo,6E 5146,2026-09-10 08:05,2026-09-10 09:35,0,90,16028.0,,,INR,,,,2026-09-09T14:47:14.497175+00:00
Google Flights via SerpApi,AMD,BOM,AMD,BOM,2026-09-10,IndiGo,6E 6351,2026-09-10 23:15,2026-09-11 00:30,0,75,16028.0,,,INR,,,,2026-09-09T14:47:14.497175+00:00
Google Flights via SerpApi,AMD,BOM,AMD,BOM,2026-09-10,IndiGo,6E 6468,2026-09-10 09:00,2026-09-10 10:30,0,90,16498.0,,,INR,,,,2026-09-09T14:47:14.497175+00:00
Google Flights via SerpApi,AMD,BOM,AMD,BOM,2026-09-10,IndiGo,6E 5139,2026-09-10 17:05,2026-09-10 18:25,0,80,16498.0,,,INR,,,,2026-09-09T14:47:14.497175+00:00
Google Flights via SerpApi,AMD,BOM,AMD,BOM,2026-09-10,IndiGo,6E 5160,2026-09-10 19:35,2026-09-10 21:05,0,90,16498.0,,,INR,,,,2026-09-09T14:47:14.497175+00:00
Google Flights via SerpApi,AMD,BOM,AMD,BOM,2026-09-10,IndiGo,6E 868,2026-09-10 21:25,2026-09-10 23:00,0,95,16498.0,,,INR,,,,2026-09-09T14:47:14.497175+00:00
Google Flights via SerpApi,AMD,BOM,AMD,BOM,2026-09-10,Air India,AI 2918,2026-09-10 06:00,2026-09-10 07:45,0,105,17318.0,,,INR,,,,2026-09-09T14:47:14.497175+00:00
Google Flights via SerpApi,AMD,BOM,AMD,BOM,2026-09-10,Air India,AI 2916,2026-09-10 17:55,2026-09-10 19:40,0,105,17318.0,,,INR,,,,2026-09-09T14:47:14.497175+00:00
Google Flights via SerpApi,AMD,BOM,AMD,BOM,2026-09-10,Air India,AI 2494,2026-09-10 21:00,2026-09-10 22:40,0,100,17318.0,,,INR,,,,2026-09-09T14:47:14.497175+00:00
Google Flights via SerpApi,AMD,CCU,AMD,CCU,2026-09-10,IndiGo,6E 319,2026-09-10 22:00,2026-09-11 00:40,0,160,7034.0,,,INR,,,,2026-09-09T14:47:28.782449+00:00
Google Flights via SerpApi,AMD,CCU,AMD,CCU,2026-09-10,Akasa Air,QP 1927,2026-09-10 14:25,2026-09-10 17:10,0,165,7485.0,,,INR,,,,2026-09-09T14:47:28.782449+00:00
Google Flights via SerpApi,AMD,CCU,AMD,CCU,2026-09-10,IndiGo,6E 6556,2026-09-10 17:10,2026-09-10 19:50,0,160,7244.0,,,INR,,,,2026-09-09T14:47:28.782449+00:00
Google Flights via SerpApi,AMD,CCU,AMD,CCU,2026-09-10,IndiGo,6E 751,2026-09-10 09:20,2026-09-10 12:00,0,160,8084.0,,,INR,,,,2026-09-09T14:47:28.782449+00:00
Google Flights via SerpApi,AMD,CCU,AMD,CCU,2026-09-10,Air India,"AI 2546, AI 2702",2026-09-10 23:00,2026-09-11 04:50,1,350,11495.0,,,INR,,,,2026-09-09T14:47:28.782449+00:00
Google Flights via SerpApi,AMD,CCU,AMD,CCU,2026-09-10,Star Air,"S5 618, S5 621",2026-09-10 06:15,2026-09-10 10:35,1,260,23714.0,,,INR,,,,2026-09-09T14:47:28.782449+00:00
Google Flights via SerpApi,AMD,CCU,AMD,CCU,2026-09-10,Air India,"AI 2916, AI 2643",2026-09-10 17:55,2026-09-11 00:10,1,375,25282.0,,,INR,,,,2026-09-09T14:47:28.782449+00:00
Google Flights via SerpApi,AMD,DEL,AMD,DEL,2026-09-10,Air India,AI 882,2026-09-10 15:55,2026-09-10 17:45,0,110,5803.0,,,INR,,,,2026-09-09T14:47:36.531271+00:00
Google Flights via SerpApi,AMD,DEL,AMD,DEL,2026-09-10,IndiGo,6E 5385,2026-09-10 00:05,2026-09-10 02:00,0,115,5985.0,,,INR,,,,2026-09-09T14:47:36.531271+00:00
Google Flights via SerpApi,AMD,DEL,AMD,DEL,2026-09-10,IndiGo,6E 2340,2026-09-10 12:15,2026-09-10 14:10,0,115,5985.0,,,INR,,,,2026-09-09T14:47:36.531271+00:00
Google Flights via SerpApi,AMD,DEL,AMD,DEL,2026-09-10,IndiGo,6E 5072,2026-09-10 14:35,2026-09-10 16:20,0,105,5985.0,,,INR,,,,2026-09-09T14:47:36.531271+00:00
Google Flights via SerpApi,AMD,DEL,AMD,DEL,2026-09-10,Air India,AI 2546,2026-09-10 23:00,2026-09-11 00:45,0,105,5997.0,,,INR,,,,2026-09-09T14:47:36.531271+00:00
Google Flights via SerpApi,AMD,DEL,AMD,DEL,2026-09-10,IndiGo,6E 980,2026-09-10 17:05,2026-09-10 18:50,0,105,6185.0,,,INR,,,,2026-09-09T14:47:36.531271+00:00
Google Flights via SerpApi,AMD,DEL,AMD,DEL,2026-09-10,Air India,AI 2716,2026-09-10 14:00,2026-09-10 15:35,0,95,6207.0,,,INR,,,,2026-09-09T14:47:36.531271+00:00
Google Flights via SerpApi,AMD,DEL,AMD,DEL,2026-09-10,IndiGo,6E 2209,2026-09-10 05:00,2026-09-10 06:45,0,105,6995.0,,,INR,,,,2026-09-09T14:47:36.531271+00:00
Google Flights via SerpApi,AMD,DEL,AMD,DEL,2026-09-10,IndiGo,6E 932,2026-09-10 21:50,2026-09-10 23:30,0,100,6995.0,,,INR,,,,2026-09-09T14:47:36.531271+00:00
Google Flights via SerpApi,AMD,DEL,AMD,DEL,2026-09-10,Air India,AI 1117,2026-09-10 08:25,2026-09-10 10:15,0,110,7940.0,,,INR,,,,2026-09-09T14:47:36.531271+00:00
Google Flights via SerpApi,AMD,DEL,AMD,DEL,2026-09-10,Air India,AI 2938,2026-09-10 18:55,2026-09-10 20:40,0,105,8066.0,,,INR,,,,2026-09-09T14:47:36.531271+00:00
Google Flights via SerpApi,AMD,DEL,AMD,DEL,2026-09-10,IndiGo,6E 2179,2026-09-10 09:50,2026-09-10 11:35,0,105,8255.0,,,INR,,,,2026-09-09T14:47:36.531271+00:00
Google Flights via SerpApi,AMD,DEL,AMD,DEL,2026-09-10,IndiGo,6E 2263,2026-09-10 19:25,2026-09-10 21:05,0,100,8255.0,,,INR,,,,2026-09-09T14:47:36.531271+00:00
Google Flights via SerpApi,AMD,DEL,AMD,DEL,2026-09-10,IndiGo,6E 983,2026-09-10 07:30,2026-09-10 09:15,0,105,10565.0,,,INR,,,,2026-09-09T14:47:36.531271+00:00
Google Flights via SerpApi,AMD,DEL,AMD,DEL,2026-09-10,Air India,AI 2906,2026-09-10 06:25,2026-09-10 08:15,0,110,13977.0,,,INR,,,,2026-09-09T14:47:36.531271+00:00
Google Flights via SerpApi,AMD,DEL,AMD,DEL,2026-09-10,Air India,AI 1121,2026-09-10 20:10,2026-09-10 21:55,0,105,13977.0,,,INR,,,,2026-09-09T14:47:36.531271+00:00
Google Flights via SerpApi,AMD,DEL,AMD,DEL,2026-09-10,Air India,AI 532,2026-09-10 21:30,2026-09-10 23:40,0,130,13977.0,,,INR,,,,2026-09-09T14:47:36.531271+00:00
Google Flights via SerpApi,AMD,DEL,AMD,DEL,2026-09-10,Kuwait Airways,"KU 348, KU 381",2026-09-10 04:00,2026-09-11 01:30,1,1290,39894.0,,,INR,,,,2026-09-09T14:47:36.531271+00:00
Google Flights via SerpApi,AMD,DEL,AMD,DEL,2026-09-10,Etihad,"EY 247, EY 214",2026-09-10 05:40,2026-09-10 14:10,1,510,66614.0,,,INR,,,,2026-09-09T14:47:36.531271+00:00
Google Flights via SerpApi,AMD,DIU,AMD,DIU,2026-09-10,Star Air,S5 424,2026-09-10 10:40,2026-09-10 11:40,0,60,3028.0,,,INR,,,,2026-09-09T14:47:43.152623+00:00
Google Flights via SerpApi,AMD,DIU,AMD,DIU,2026-09-10,IndiGo,6E 7966,2026-09-10 11:10,2026-09-10 12:30,0,80,3145.0,,,INR,,,,2026-09-09T14:47:43.152623+00:00
Google Flights via SerpApi,AMD,IXB,AMD,IXB,2026-09-10,IndiGo,"6E 319, 6E 6785",2026-09-10 22:00,2026-09-11 09:00,1,660,8769.0,,,INR,,,,2026-09-09T14:47:54.523573+00:00
Google Flights via SerpApi,AMD,IXB,AMD,IXB,2026-09-10,IndiGo,"6E 5385, 6E 6124",2026-09-10 00:05,2026-09-10 09:30,1,565,9074.0,,,INR,,,,2026-09-09T14:47:54.523573+00:00
Google Flights via SerpApi,AMD,IXB,AMD,IXB,2026-09-10,IndiGo,"6E 2340, 6E 2403",2026-09-10 12:15,2026-09-10 19:00,1,405,9074.0,,,INR,,,,2026-09-09T14:47:54.523573+00:00
Google Flights via SerpApi,AMD,IXB,AMD,IXB,2026-09-10,IndiGo,"6E 751, 6E 6134",2026-09-10 09:20,2026-09-10 17:35,1,495,10769.0,,,INR,,,,2026-09-09T14:47:54.523573+00:00
Google Flights via SerpApi,AMD,IXB,AMD,IXB,2026-09-10,IndiGo,"6E 2209, 6E 6378",2026-09-10 05:00,2026-09-10 16:40,1,700,11372.0,,,INR,,,,2026-09-09T14:47:54.523573+00:00
Google Flights via SerpApi,AMD,IXB,AMD,IXB,2026-09-10,IndiGo,"6E 2209, 6E 5307",2026-09-10 05:00,2026-09-10 12:50,1,470,12123.0,,,INR,,,,2026-09-09T14:47:54.523573+00:00
Google Flights via SerpApi,AMD,IXB,AMD,IXB,2026-09-10,IndiGo,"6E 2179, 6E 6378",2026-09-10 09:50,2026-09-10 16:40,1,410,12449.0,,,INR,,,,2026-09-09T14:47:54.523573+00:00
Google Flights via SerpApi,AMD,IXB,AMD,IXB,2026-09-10,IndiGo,"6E 6285, 6E 5305",2026-09-10 04:00,2026-09-10 10:50,1,410,16189.0,,,INR,,,,2026-09-09T14:47:54.523573+00:00
Google Flights via SerpApi,AMD,IXB,AMD,IXB,2026-09-10,IndiGo,"6E 751, 6E 751",2026-09-10 09:20,2026-09-10 13:45,1,265,31869.0,,,INR,,,,2026-09-09T14:47:54.523573+00:00
Google Flights via SerpApi,AMD,JGA,AMD,JGA,2026-09-10,Star Air,S5 614,2026-09-10 16:15,2026-09-10 17:05,0,50,3394.0,,,INR,,,,2026-09-09T14:48:11.578289+00:00
Google Flights via SerpApi,AMD,JGA,AMD,JGA,2026-09-10,IndiGo,"6E 6285, 6E 5150",2026-09-10 04:00,2026-09-10 10:10,1,370,12883.0,,,INR,,,,2026-09-09T14:48:11.578289+00:00
Google Flights via SerpApi,AMD,JGA,AMD,JGA,2026-09-10,"Air India, Air India Express","AI 494, IX 1807",2026-09-10 08:45,2026-09-10 17:00,1,495,16439.0,,,INR,,,,2026-09-09T14:48:11.578289+00:00
Google Flights via SerpApi,AMD,JGA,AMD,JGA,2026-09-10,"Air India, Air India Express","AI 2918, IX 1805",2026-09-10 06:00,2026-09-10 12:25,1,385,19111.0,,,INR,,,,2026-09-09T14:48:11.578289+00:00
Google Flights via SerpApi,AMD,JGA,AMD,JGA,2026-09-10,"Air India, Air India Express","AI 2848, IX 1807",2026-09-10 12:00,2026-09-10 17:00,1,300,19206.0,,,INR,,,,2026-09-09T14:48:11.578289+00:00
Google Flights via SerpApi,AMD,JGA,AMD,JGA,2026-09-10,"Air India, Air India Express","AI 2494, IX 1805",2026-09-10 21:00,2026-09-11 12:25,1,925,22030.0,,,INR,,,,2026-09-09T14:48:11.578289+00:00
Live User Search (SerpApi),CCU,GAU,CCU,GAU,2026-09-17,IndiGo,6E 212,2026-09-17 09:00,2026-09-17 10:15,0,75,4700.0,,,INR,,,,2026-09-09T16:01:43.350078+00:00
Live User Search (SerpApi),CCU,GAU,CCU,GAU,2026-09-17,IndiGo,6E 127,2026-09-17 11:30,2026-09-17 12:45,0,75,4700.0,,,INR,,,,2026-09-09T16:01:43.350078+00:00
Live User Search (SerpApi),CCU,GAU,CCU,GAU,2026-09-17,IndiGo,6E 6344,2026-09-17 16:15,2026-09-17 17:30,0,75,4700.0,,,INR,,,,2026-09-09T16:01:43.350078+00:00
Live User Search (SerpApi),CCU,GAU,CCU,GAU,2026-09-17,IndiGo,6E 6663,2026-09-17 19:25,2026-09-17 20:40,0,75,4700.0,,,INR,,,,2026-09-09T16:01:43.350078+00:00
Live User Search (SerpApi),CCU,GAU,CCU,GAU,2026-09-17,IndiGo,"6E 207, 6E 6724",2026-09-17 12:50,2026-09-17 16:25,1,215,5496.0,,,INR,,,,2026-09-09T16:01:43.350078+00:00
Live User Search (SerpApi),DEL,BOM,DEL,BOM,2026-12-04,IndiGo,6E 353,2026-12-04 03:30,2026-12-04 05:55,0,145,6914.0,,,INR,,,,2026-09-09T18:04:13.088090+00:00
Live User Search (SerpApi),DEL,BOM,DEL,BOM,2026-12-04,Air India Express,IX 1056,2026-12-04 08:45,2026-12-04 11:15,0,150,7110.0,,,INR,,,,2026-09-09T18:04:13.088090+00:00
Live User Search (SerpApi),DEL,BOM,DEL,BOM,2026-12-04,Akasa Air,QP 1116,2026-12-04 21:45,2026-12-05 00:00,0,135,7327.0,,,INR,,,,2026-09-09T18:04:13.088090+00:00
Live User Search (SerpApi),DEL,BOM,DEL,BOM,2026-12-04,IndiGo,6E 449,2026-12-04 05:00,2026-12-04 07:25,0,145,6914.0,,,INR,,,,2026-09-09T18:04:13.088090+00:00
Live User Search (SerpApi),DEL,BOM,DEL,BOM,2026-12-04,IndiGo,6E 6676,2026-12-04 12:30,2026-12-04 14:55,0,145,6914.0,,,INR,,,,2026-09-09T18:04:13.088090+00:00
Live User Search (SerpApi),DEL,BOM,DEL,BOM,2026-12-04,IndiGo,6E 324,2026-12-04 13:15,2026-12-04 15:40,0,145,6914.0,,,INR,,,,2026-09-09T18:04:13.088090+00:00
Live User Search (SerpApi),DEL,BOM,DEL,BOM,2026-12-04,IndiGo,6E 6022,2026-12-04 14:00,2026-12-04 16:25,0,145,6914.0,,,INR,,,,2026-09-09T18:04:13.088090+00:00
Live User Search (SerpApi),DEL,BOM,DEL,BOM,2026-12-04,IndiGo,6E 6318,2026-12-04 14:45,2026-12-04 17:10,0,145,6914.0,,,INR,,,,2026-09-09T18:04:13.088090+00:00
Live User Search (SerpApi),DEL,BOM,DEL,BOM,2026-12-04,IndiGo,6E 864,2026-12-04 15:30,2026-12-04 17:55,0,145,6914.0,,,INR,,,,2026-09-09T18:04:13.088090+00:00
Live User Search (SerpApi),DEL,BOM,DEL,BOM,2026-12-04,IndiGo,6E 6218,2026-12-04 06:05,2026-12-04 08:30,0,145,7064.0,,,INR,,,,2026-09-09T18:04:13.088090+00:00
Live User Search (SerpApi),DEL,BOM,DEL,BOM,2026-12-04,IndiGo,6E 6328,2026-12-04 10:15,2026-12-04 12:40,0,145,7064.0,,,INR,,,,2026-09-09T18:04:13.088090+00:00
Live User Search (SerpApi),DEL,BOM,DEL,BOM,2026-12-04,IndiGo,6E 6047,2026-12-04 11:00,2026-12-04 13:25,0,145,7064.0,,,INR,,,,2026-09-09T18:04:13.088090+00:00
Live User Search (SerpApi),DEL,BOM,DEL,BOM,2026-12-04,IndiGo,6E 6051,2026-12-04 11:45,2026-12-04 14:10,0,145,7064.0,,,INR,,,,2026-09-09T18:04:13.088090+00:00
Live User Search (SerpApi),DEL,BOM,DEL,BOM,2026-12-04,IndiGo,6E 327,2026-12-04 16:15,2026-12-04 18:40,0,145,7064.0,,,INR,,,,2026-09-09T18:04:13.088090+00:00
Live User Search (SerpApi),DEL,BOM,DEL,BOM,2026-12-04,IndiGo,6E 6706,2026-12-04 17:00,2026-12-04 19:25,0,145,7064.0,,,INR,,,,2026-09-09T18:04:13.088090+00:00
Live User Search (SerpApi),DEL,BOM,DEL,BOM,2026-12-04,IndiGo,6E 395,2026-12-04 22:00,2026-12-05 00:25,0,145,7064.0,,,INR,,,,2026-09-09T18:04:13.088090+00:00
Live User Search (SerpApi),DEL,BOM,DEL,BOM,2026-12-04,IndiGo,6E 6114,2026-12-04 23:00,2026-12-05 01:25,0,145,7064.0,,,INR,,,,2026-09-09T18:04:13.088090+00:00
Live User Search (SerpApi),DEL,BOM,DEL,BOM,2026-12-04,Air India,AI 2573,2026-12-04 05:30,2026-12-04 07:55,0,145,7223.0,,,INR,,,,2026-09-09T18:04:13.088090+00:00
Live User Search (SerpApi),DEL,BOM,DEL,BOM,2026-12-04,Air India,AI 2975,2026-12-04 06:30,2026-12-04 08:55,0,145,7223.0,,,INR,,,,2026-09-09T18:04:13.088090+00:00
Live User Search (SerpApi),DEL,BOM,DEL,BOM,2026-12-04,Akasa Air,QP 1114,2026-12-04 16:00,2026-12-04 18:20,0,140,7327.0,,,INR,,,,2026-09-09T18:04:13.088090+00:00
Live User Search (SerpApi),DEL,BOM,DEL,BOM,2026-12-04,IndiGo,6E 675,2026-12-04 08:45,2026-12-04 11:10,0,145,7364.0,,,INR,,,,2026-09-09T18:04:13.088090+00:00
Live User Search (SerpApi),DEL,BOM,DEL,BOM,2026-12-04,IndiGo,6E 6107,2026-12-04 09:30,2026-12-04 11:55,0,145,7364.0,,,INR,,,,2026-09-09T18:04:13.088090+00:00
Live User Search (SerpApi),DEL,BOM,DEL,BOM,2026-12-04,Air India,AI 2927,2026-12-04 09:30,2026-12-04 11:55,0,145,7522.0,,,INR,,,,2026-09-09T18:04:13.088090+00:00
Live User Search (SerpApi),DEL,BOM,DEL,BOM,2026-12-04,Air India,AI 2425,2026-12-04 10:30,2026-12-04 12:55,0,145,7522.0,,,INR,,,,2026-09-09T18:04:13.088090+00:00
Live User Search (SerpApi),DEL,BOM,DEL,BOM,2026-12-04,Air India,AI 2945,2026-12-04 11:00,2026-12-04 13:25,0,145,7522.0,,,INR,,,,2026-09-09T18:04:13.088090+00:00
Live User Search (SerpApi),DEL,BOM,DEL,BOM,2026-12-04,Air India,AI 2587,2026-12-04 12:00,2026-12-04 14:25,0,145,7522.0,,,INR,,,,2026-09-09T18:04:13.088090+00:00
Live User Search (SerpApi),DEL,BOM,DEL,BOM,2026-12-04,Air India,AI 441,2026-12-04 17:05,2026-12-04 19:35,0,150,7522.0,,,INR,,,,2026-09-09T18:04:13.088090+00:00
Live User Search (SerpApi),DEL,BOM,DEL,BOM,2026-12-04,Akasa Air,QP 1112,2026-12-04 10:00,2026-12-04 12:20,0,140,7583.0,,,INR,,,,2026-09-09T18:04:13.088090+00:00
Live User Search (SerpApi),DEL,BOM,DEL,BOM,2026-12-04,IndiGo,6E 6814,2026-12-04 07:00,2026-12-04 09:25,0,145,7664.0,,,INR,,,,2026-09-09T18:04:13.088090+00:00
Live User Search (SerpApi),DEL,BOM,DEL,BOM,2026-12-04,IndiGo,6E 320,2026-12-04 08:00,2026-12-04 10:25,0,145,7664.0,,,INR,,,,2026-09-09T18:04:13.088090+00:00
Live User Search (SerpApi),DEL,BOM,DEL,BOM,2026-12-04,IndiGo,6E 328,2026-12-04 17:45,2026-12-04 20:10,0,145,7664.0,,,INR,,,,2026-09-09T18:04:13.088090+00:00
Live User Search (SerpApi),DEL,BOM,DEL,BOM,2026-12-04,IndiGo,6E 329,2026-12-04 18:30,2026-12-04 20:55,0,145,7664.0,,,INR,,,,2026-09-09T18:04:13.088090+00:00
Live User Search (SerpApi),DEL,BOM,DEL,BOM,2026-12-04,IndiGo,6E 354,2026-12-04 19:15,2026-12-04 21:40,0,145,7664.0,,,INR,,,,2026-09-09T18:04:13.088090+00:00
Live User Search (SerpApi),DEL,BOM,DEL,BOM,2026-12-04,IndiGo,6E 303,2026-12-04 20:00,2026-12-04 22:25,0,145,7664.0,,,INR,,,,2026-09-09T18:04:13.088090+00:00
Live User Search (SerpApi),DEL,BOM,DEL,BOM,2026-12-04,IndiGo,6E 853,2026-12-04 21:00,2026-12-04 23:25,0,145,7664.0,,,INR,,,,2026-09-09T18:04:13.088090+00:00
Live User Search (SerpApi),DEL,BOM,DEL,BOM,2026-12-04,Air India,AI 2429,2026-12-04 07:00,2026-12-04 09:25,0,145,8015.0,,,INR,,,,2026-09-09T18:04:13.088090+00:00
Live User Search (SerpApi),DEL,BOM,DEL,BOM,2026-12-04,Air India,AI 2555,2026-12-04 17:30,2026-12-04 19:55,0,145,8015.0,,,INR,,,,2026-09-09T18:04:13.088090+00:00
Live User Search (SerpApi),DEL,BOM,DEL,BOM,2026-12-04,Air India,AI 2943,2026-12-04 07:30,2026-12-04 09:45,0,135,8220.0,,,INR,,,,2026-09-09T18:04:13.088090+00:00
Live User Search (SerpApi),DEL,BOM,DEL,BOM,2026-12-04,Air India,AI 2985,2026-12-04 19:30,2026-12-04 21:55,0,145,8220.0,,,INR,,,,2026-09-09T18:04:13.088090+00:00
Live User Search (SerpApi),DEL,BOM,DEL,BOM,2026-12-04,Akasa Air,QP 1118,2026-12-04 17:30,2026-12-04 19:50,0,140,8272.0,,,INR,,,,2026-09-09T18:04:13.088090+00:00
Live User Search (SerpApi),DEL,BOM,DEL,BOM,2026-12-04,Air India,AI 2963,2026-12-04 09:00,2026-12-04 11:15,0,135,8315.0,,,INR,,,,2026-09-09T18:04:13.088090+00:00
Live User Search (SerpApi),DEL,BOM,DEL,BOM,2026-12-04,Air India,AI 2957,2026-12-04 20:30,2026-12-04 22:55,0,145,8351.0,,,INR,,,,2026-09-09T18:04:13.088090+00:00
Live User Search (SerpApi),DEL,BOM,DEL,BOM,2026-12-04,Air India Express,IX 1235,2026-12-04 20:40,2026-12-04 23:10,0,150,8355.0,,,INR,,,,2026-09-09T18:04:13.088090+00:00
Live User Search (SerpApi),DEL,BOM,DEL,BOM,2026-12-04,Air India,AI 2951,2026-12-04 13:30,2026-12-04 15:55,0,145,8525.0,,,INR,,,,2026-09-09T18:04:13.088090+00:00
Live User Search (SerpApi),DEL,BOM,DEL,BOM,2026-12-04,Air India,AI 2999,2026-12-04 22:00,2026-12-05 00:25,0,145,8525.0,,,INR,,,,2026-09-09T18:04:13.088090+00:00
Live User Search (SerpApi),DEL,BOM,DEL,BOM,2026-12-04,Air India,AI 2437,2026-12-04 22:30,2026-12-05 00:55,0,145,8525.0,,,INR,,,,2026-09-09T18:04:13.088090+00:00
Live User Search (SerpApi),DEL,BOM,DEL,BOM,2026-12-04,Air India,AI 2439,2026-12-04 23:00,2026-12-05 01:25,0,145,8525.0,,,INR,,,,2026-09-09T18:04:13.088090+00:00
Live User Search (SerpApi),DEL,BOM,DEL,BOM,2026-12-04,Air India,AI 2433,2026-12-04 21:30,2026-12-04 23:55,0,145,8530.0,,,INR,,,,2026-09-09T18:04:13.088090+00:00
Live User Search (SerpApi),DEL,BOM,DEL,BOM,2026-12-04,Air India,AI 2955,2026-12-04 18:00,2026-12-04 20:25,0,145,8556.0,,,INR,,,,2026-09-09T18:04:13.088090+00:00
Live User Search (SerpApi),DEL,BOM,DEL,BOM,2026-12-04,Air India,AI 2977,2026-12-04 19:00,2026-12-04 21:25,0,145,8556.0,,,INR,,,,2026-09-09T18:04:13.088090+00:00
Live User Search (SerpApi),DEL,BOM,DEL,BOM,2026-12-04,Air India,AI 2941,2026-12-04 16:30,2026-12-04 18:55,0,145,8892.0,,,INR,,,,2026-09-09T18:04:13.088090+00:00
Live User Search (SerpApi),DEL,BOM,DEL,BOM,2026-12-04,Air India,AI 2981,2026-12-04 21:00,2026-12-04 23:25,0,145,9480.0,,,INR,,,,2026-09-09T18:04:13.088090+00:00
Live User Search (SerpApi),DEL,BOM,DEL,BOM,2026-12-04,SpiceJet,SG 603,2026-12-04 05:45,2026-12-04 08:05,0,140,9878.0,,,INR,,,,2026-09-09T18:04:13.088090+00:00
Live User Search (SerpApi),DEL,BOM,DEL,BOM,2026-12-04,SpiceJet,SG 510,2026-12-04 06:30,2026-12-04 08:45,0,135,9878.0,,,INR,,,,2026-09-09T18:04:13.088090+00:00
Live User Search (SerpApi),DEL,BOM,DEL,BOM,2026-12-04,SpiceJet,SG 671,2026-12-04 07:00,2026-12-04 09:15,0,135,9878.0,,,INR,,,,2026-09-09T18:04:13.088090+00:00
Live User Search (SerpApi),DEL,BOM,DEL,BOM,2026-12-04,SpiceJet,SG 476,2026-12-04 09:30,2026-12-04 11:50,0,140,9878.0,,,INR,,,,2026-09-09T18:04:13.088090+00:00
Live User Search (SerpApi),DEL,BOM,DEL,BOM,2026-12-04,SpiceJet,SG 475,2026-12-04 17:10,2026-12-04 19:25,0,135,9878.0,,,INR,,,,2026-09-09T18:04:13.088090+00:00
Live User Search (SerpApi),DEL,BOM,DEL,BOM,2026-12-04,SpiceJet,SG 612,2026-12-04 19:00,2026-12-04 21:10,0,130,9878.0,,,INR,,,,2026-09-09T18:04:13.088090+00:00
Live User Search (SerpApi),DEL,BOM,DEL,BOM,2026-12-04,Air India,AI 2933,2026-12-04 15:30,2026-12-04 17:45,0,135,9968.0,,,INR,,,,2026-09-09T18:04:13.088090+00:00
Live User Search (SerpApi),BOM,CCU,BOM,CCU,2026-09-18,Akasa Air,QP 1135,2026-09-18 00:35,2026-09-18 03:25,0,170,7936.0,,,INR,,,,2026-09-09T18:09:33.687430+00:00
Live User Search (SerpApi),BOM,CCU,BOM,CCU,2026-09-18,IndiGo,6E 5239,2026-09-18 12:45,2026-09-18 15:30,0,165,8323.0,,,INR,,,,2026-09-09T18:09:33.687430+00:00
Live User Search (SerpApi),BOM,CCU,BOM,CCU,2026-09-18,Air India,AI 2471,2026-09-18 11:30,2026-09-18 14:25,0,175,8480.0,,,INR,,,,2026-09-09T18:09:33.687430+00:00
Live User Search (SerpApi),BOM,CCU,BOM,CCU,2026-09-18,IndiGo,6E 6367,2026-09-18 05:30,2026-09-18 08:15,0,165,8323.0,,,INR,,,,2026-09-09T18:09:33.687430+00:00
Live User Search (SerpApi),BOM,CCU,BOM,CCU,2026-09-18,IndiGo,6E 5165,2026-09-18 10:05,2026-09-18 12:55,0,170,8323.0,,,INR,,,,2026-09-09T18:09:33.687430+00:00
Live User Search (SerpApi),BOM,CCU,BOM,CCU,2026-09-18,IndiGo,6E 5354,2026-09-18 15:15,2026-09-18 18:00,0,165,8323.0,,,INR,,,,2026-09-09T18:09:33.687430+00:00
Live User Search (SerpApi),BOM,CCU,BOM,CCU,2026-09-18,IndiGo,6E 5086,2026-09-18 18:00,2026-09-18 20:50,0,170,8323.0,,,INR,,,,2026-09-09T18:09:33.687430+00:00
Live User Search (SerpApi),BOM,CCU,BOM,CCU,2026-09-18,IndiGo,6E 6287,2026-09-18 19:50,2026-09-18 22:45,0,175,8323.0,,,INR,,,,2026-09-09T18:09:33.687430+00:00
Live User Search (SerpApi),BOM,CCU,BOM,CCU,2026-09-18,Air India,AI 2481,2026-09-18 17:05,2026-09-18 19:55,0,170,8480.0,,,INR,,,,2026-09-09T18:09:33.687430+00:00
Live User Search (SerpApi),BOM,CCU,BOM,CCU,2026-09-18,Air India,AI 2643,2026-09-18 21:05,2026-09-19 00:10,0,185,8480.0,,,INR,,,,2026-09-09T18:09:33.687430+00:00
Live User Search (SerpApi),BOM,CCU,BOM,CCU,2026-09-18,Akasa Air,QP 1107,2026-09-18 20:55,2026-09-18 23:50,0,175,8514.0,,,INR,,,,2026-09-09T18:09:33.687430+00:00
Live User Search (SerpApi),BOM,CCU,BOM,CCU,2026-09-18,Akasa Air,QP 1125,2026-09-18 19:25,2026-09-18 22:20,0,175,8664.0,,,INR,,,,2026-09-09T18:09:33.687430+00:00
Live User Search (SerpApi),BOM,CCU,BOM,CCU,2026-09-18,IndiGo,6E 5329,2026-09-18 07:45,2026-09-18 10:30,0,165,8953.0,,,INR,,,,2026-09-09T18:09:33.687430+00:00
Live User Search (SerpApi),BOM,CCU,BOM,CCU,2026-09-18,Air India,AI 2771,2026-09-18 06:55,2026-09-18 09:45,0,170,9105.0,,,INR,,,,2026-09-09T18:09:33.687430+00:00
Live User Search (SerpApi),LKO,CCU,LKO,CCU,2026-09-18,IndiGo,6E 505,2026-09-18 09:20,2026-09-18 11:05,0,105,6870.0,,,INR,,,,2026-09-09T18:09:45.074899+00:00
Live User Search (SerpApi),LKO,CCU,LKO,CCU,2026-09-18,IndiGo,"6E 6902, 6E 342",2026-09-18 16:45,2026-09-18 21:05,1,260,8602.0,,,INR,,,,2026-09-09T18:09:45.074899+00:00
Live User Search (SerpApi),SXR,TRV,SXR,TRV,2026-09-22,IndiGo,"6E 5088, 6E 772",2026-09-22 15:50,2026-09-22 23:30,1,460,13904.0,,,INR,,,,2026-09-10T05:52:13.020352+00:00
Live User Search (SerpApi),SXR,TRV,SXR,TRV,2026-09-22,Air India Express,"IX 1168, IX 1367",2026-09-22 15:10,2026-09-22 22:45,1,455,14737.0,,,INR,,,,2026-09-10T05:52:13.020352+00:00
Live User Search (SerpApi),SXR,TRV,SXR,TRV,2026-09-22,Air India,"AI 1893, AI 2563",2026-09-22 12:10,2026-09-22 18:55,1,405,18743.0,,,INR,,,,2026-09-10T05:52:13.020352+00:00
Live User Search (SerpApi),SXR,TRV,SXR,TRV,2026-09-22,"Air India Express, Air India","IX 1196, AI 829",2026-09-22 16:30,2026-09-23 02:20,1,590,18458.0,,,INR,,,,2026-09-10T05:52:13.020352+00:00
Live User Search (SerpApi),SXR,TRV,SXR,TRV,2026-09-22,Air India,"AI 1818, AI 829",2026-09-22 13:40,2026-09-23 02:20,1,760,18538.0,,,INR,,,,2026-09-10T05:52:13.020352+00:00
Live User Search (SerpApi),SXR,TRV,SXR,TRV,2026-09-22,"Air India Express, Air India","IX 1037, AI 2563",2026-09-22 08:30,2026-09-22 18:55,1,625,18973.0,,,INR,,,,2026-09-10T05:52:13.020352+00:00
Live User Search (SerpApi),SXR,TRV,SXR,TRV,2026-09-22,Air India,"AI 2662, AI 2605",2026-09-22 13:50,2026-09-23 08:50,1,1140,19105.0,,,INR,,,,2026-09-10T05:52:13.020352+00:00
Live User Search (SerpApi),SXR,TRV,SXR,TRV,2026-09-22,"Air India, Etihad","AI 2554, EY 215, EY 264",2026-09-22 09:55,2026-09-23 02:50,2,1015,67186.0,,,INR,,,,2026-09-10T05:52:13.020352+00:00
Live User Search (SerpApi),BOM,HYD,BOM,HYD,2026-09-26,IndiGo,6E 6187,2026-09-26 00:30,2026-09-26 02:10,0,100,5905.0,,,INR,,,,2026-09-10T07:15:21.947116+00:00
Live User Search (SerpApi),BOM,HYD,BOM,HYD,2026-09-26,IndiGo,6E 6195,2026-09-26 23:00,2026-09-27 00:35,0,95,5905.0,,,INR,,,,2026-09-10T07:15:21.947116+00:00
Live User Search (SerpApi),BOM,HYD,BOM,HYD,2026-09-26,IndiGo,6E 6362,2026-09-26 05:45,2026-09-26 07:20,0,95,6220.0,,,INR,,,,2026-09-10T07:15:21.947116+00:00
Live User Search (SerpApi),BOM,HYD,BOM,HYD,2026-09-26,Air India,AI 2625,2026-09-26 06:00,2026-09-26 07:35,0,95,6373.0,,,INR,,,,2026-09-10T07:15:21.947116+00:00
Live User Search (SerpApi),BOM,HYD,BOM,HYD,2026-09-26,Air India,AI 2869,2026-09-26 21:25,2026-09-26 23:05,0,100,5848.0,,,INR,,,,2026-09-10T07:15:21.947116+00:00
Live User Search (SerpApi),BOM,HYD,BOM,HYD,2026-09-26,IndiGo,6E 5326,2026-09-26 19:40,2026-09-26 21:20,0,100,5905.0,,,INR,,,,2026-09-10T07:15:21.947116+00:00
Live User Search (SerpApi),BOM,HYD,BOM,HYD,2026-09-26,IndiGo,6E 5056,2026-09-26 21:10,2026-09-26 22:45,0,95,5905.0,,,INR,,,,2026-09-10T07:15:21.947116+00:00
Live User Search (SerpApi),BOM,HYD,BOM,HYD,2026-09-26,Air India,AI 2619,2026-09-26 18:00,2026-09-26 19:35,0,95,6063.0,,,INR,,,,2026-09-10T07:15:21.947116+00:00
Live User Search (SerpApi),BOM,HYD,BOM,HYD,2026-09-26,Air India,AI 2875,2026-09-26 19:35,2026-09-26 21:05,0,90,6063.0,,,INR,,,,2026-09-10T07:15:21.947116+00:00
Live User Search (SerpApi),BOM,HYD,BOM,HYD,2026-09-26,IndiGo,6E 5228,2026-09-26 16:45,2026-09-26 18:20,0,95,6220.0,,,INR,,,,2026-09-10T07:15:21.947116+00:00
Live User Search (SerpApi),BOM,HYD,BOM,HYD,2026-09-26,IndiGo,6E 5386,2026-09-26 15:10,2026-09-26 16:45,0,95,6535.0,,,INR,,,,2026-09-10T07:15:21.947116+00:00
Live User Search (SerpApi),BOM,HYD,BOM,HYD,2026-09-26,Air India,AI 2444,2026-09-26 10:50,2026-09-26 12:25,0,95,7013.0,,,INR,,,,2026-09-10T07:15:21.947116+00:00
Live User Search (SerpApi),BOM,HYD,BOM,HYD,2026-09-26,Air India,AI 2531,2026-09-26 15:05,2026-09-26 16:35,0,90,7260.0,,,INR,,,,2026-09-10T07:15:21.947116+00:00
Live User Search (SerpApi),BOM,HYD,BOM,HYD,2026-09-26,IndiGo,6E 5246,2026-09-26 07:15,2026-09-26 08:50,0,95,7375.0,,,INR,,,,2026-09-10T07:15:21.947116+00:00
Live User Search (SerpApi),BOM,HYD,BOM,HYD,2026-09-26,IndiGo,6E 5178,2026-09-26 11:40,2026-09-26 13:20,0,100,7375.0,,,INR,,,,2026-09-10T07:15:21.947116+00:00
Live User Search (SerpApi),BOM,HYD,BOM,HYD,2026-09-26,Air India,AI 417,2026-09-26 08:55,2026-09-26 10:35,0,100,7659.0,,,INR,,,,2026-09-10T07:15:21.947116+00:00
Live User Search (SerpApi),BOM,HYD,BOM,HYD,2026-09-26,IndiGo,6E 5318,2026-09-26 10:15,2026-09-26 11:40,0,85,7900.0,,,INR,,,,2026-09-10T07:15:21.947116+00:00
Live User Search (SerpApi),BOM,HYD,BOM,HYD,2026-09-26,Kuwait Airways,"KU 304, KU 373",2026-09-26 09:40,2026-09-27 03:00,1,1040,22958.0,,,INR,,,,2026-09-10T07:15:21.947116+00:00
Live User Search (SerpApi),BOM,HYD,BOM,HYD,2026-09-26,Etihad,"EY 201, EY 358",2026-09-26 11:15,2026-09-26 19:40,1,505,41607.0,,,INR,,,,2026-09-10T07:15:21.947116+00:00
Google Flights via SerpApi,AJL,GAU,AJL,GAU,2026-09-12,IndiGo,6E 6552,2026-09-12 15:55,2026-09-12 16:45,0,50,10422.0,,,INR,,,,2026-09-11T03:34:52.342640+00:00
Google Flights via SerpApi,AMD,BLR,AMD,BLR,2026-09-12,IndiGo,"6E 6098, 6E 6783",2026-09-12 15:00,2026-09-12 20:05,1,305,8296.0,,,INR,,,,2026-09-11T03:35:18.562580+00:00
Google Flights via SerpApi,AMD,BLR,AMD,BLR,2026-09-12,IndiGo,"6E 5160, 6E 5388",2026-09-12 19:35,2026-09-13 00:20,1,285,8296.0,,,INR,,,,2026-09-11T03:35:18.562580+00:00
Google Flights via SerpApi,AMD,BLR,AMD,BLR,2026-09-12,IndiGo,6E 996,2026-09-12 23:00,2026-09-13 01:10,0,130,9410.0,,,INR,,,,2026-09-11T03:35:18.562580+00:00
Google Flights via SerpApi,AMD,BLR,AMD,BLR,2026-09-12,IndiGo,6E 863,2026-09-12 16:55,2026-09-12 19:15,0,140,9935.0,,,INR,,,,2026-09-11T03:35:18.562580+00:00
Google Flights via SerpApi,AMD,BLR,AMD,BLR,2026-09-12,IndiGo,"6E 6351, 6E 5294",2026-09-12 23:15,2026-09-13 06:25,1,430,8296.0,,,INR,,,,2026-09-11T03:35:18.562580+00:00
Google Flights via SerpApi,AMD,BLR,AMD,BLR,2026-09-12,IndiGo,"6E 7115, 6E 6548",2026-09-12 10:25,2026-09-12 18:25,1,480,10378.0,,,INR,,,,2026-09-11T03:35:18.562580+00:00
Google Flights via SerpApi,AMD,BLR,AMD,BLR,2026-09-12,IndiGo,6E 481,2026-09-12 19:45,2026-09-12 22:05,0,140,11405.0,,,INR,,,,2026-09-11T03:35:18.562580+00:00
Google Flights via SerpApi,AMD,BLR,AMD,BLR,2026-09-12,Air India,"AI 2916, AI 2401",2026-09-12 17:55,2026-09-12 22:45,1,290,12233.0,,,INR,,,,2026-09-11T03:35:18.562580+00:00
Google Flights via SerpApi,AMD,BLR,AMD,BLR,2026-09-12,IndiGo,6E 823,2026-09-12 08:20,2026-09-12 10:45,0,145,14030.0,,,INR,,,,2026-09-11T03:35:18.562580+00:00
Google Flights via SerpApi,AMD,BLR,AMD,BLR,2026-09-12,Air India Express,IX 1508,2026-09-12 08:50,2026-09-12 11:15,0,145,14336.0,,,INR,,,,2026-09-11T03:35:18.562580+00:00
Google Flights via SerpApi,AMD,BLR,AMD,BLR,2026-09-12,Akasa Air,QP 1901,2026-09-12 04:50,2026-09-12 07:10,0,140,14930.0,,,INR,,,,2026-09-11T03:35:18.562580+00:00
Google Flights via SerpApi,AMD,BOM,AMD,BOM,2026-09-12,Air India,AI 2918,2026-09-12 06:00,2026-09-12 07:45,0,105,6094.0,,,INR,,,,2026-09-11T03:35:23.568442+00:00
Google Flights via SerpApi,AMD,BOM,AMD,BOM,2026-09-12,Akasa Air,QP 1194,2026-09-12 04:50,2026-09-12 06:15,0,85,6589.0,,,INR,,,,2026-09-11T03:35:23.568442+00:00
Google Flights via SerpApi,AMD,BOM,AMD,BOM,2026-09-12,IndiGo,6E 6285,2026-09-12 04:00,2026-09-12 05:30,0,90,7053.0,,,INR,,,,2026-09-11T03:35:23.568442+00:00
Google Flights via SerpApi,AMD,BOM,AMD,BOM,2026-09-12,Air India,AI 494,2026-09-12 08:45,2026-09-12 10:30,0,105,7364.0,,,INR,,,,2026-09-11T03:35:23.568442+00:00
Google Flights via SerpApi,AMD,BOM,AMD,BOM,2026-09-12,IndiGo,6E 5146,2026-09-12 08:05,2026-09-12 09:35,0,90,7523.0,,,INR,,,,2026-09-11T03:35:23.568442+00:00
Google Flights via SerpApi,AMD,BOM,AMD,BOM,2026-09-12,IndiGo,6E 5078,2026-09-12 10:55,2026-09-12 12:20,0,85,9463.0,,,INR,,,,2026-09-11T03:35:23.568442+00:00
Google Flights via SerpApi,AMD,BOM,AMD,BOM,2026-09-12,Air India,AI 2848,2026-09-12 12:00,2026-09-12 13:40,0,100,9800.0,,,INR,,,,2026-09-11T03:35:23.568442+00:00
Google Flights via SerpApi,AMD,BOM,AMD,BOM,2026-09-12,IndiGo,6E 6351,2026-09-12 23:15,2026-09-13 00:30,0,75,10148.0,,,INR,,,,2026-09-11T03:35:23.568442+00:00
Google Flights via SerpApi,AMD,BOM,AMD,BOM,2026-09-12,IndiGo,6E 6468,2026-09-12 09:00,2026-09-12 10:30,0,90,10198.0,,,INR,,,,2026-09-11T03:35:23.568442+00:00
Google Flights via SerpApi,AMD,BOM,AMD,BOM,2026-09-12,IndiGo,6E 868,2026-09-12 21:25,2026-09-12 23:00,0,95,10198.0,,,INR,,,,2026-09-11T03:35:23.568442+00:00
Google Flights via SerpApi,AMD,BOM,AMD,BOM,2026-09-12,IndiGo,6E 6205,2026-09-12 01:15,2026-09-12 02:55,0,100,11673.0,,,INR,,,,2026-09-11T03:35:23.568442+00:00
Google Flights via SerpApi,AMD,BOM,AMD,BOM,2026-09-12,IndiGo,6E 5160,2026-09-12 19:35,2026-09-12 21:05,0,90,12823.0,,,INR,,,,2026-09-11T03:35:23.568442+00:00
Google Flights via SerpApi,AMD,BOM,AMD,BOM,2026-09-12,IndiGo,6E 5139,2026-09-12 17:05,2026-09-12 18:25,0,80,13873.0,,,INR,,,,2026-09-11T03:35:23.568442+00:00
Google Flights via SerpApi,AMD,BOM,AMD,BOM,2026-09-12,Air India,AI 2504,2026-09-12 14:55,2026-09-12 16:35,0,100,14599.0,,,INR,,,,2026-09-11T03:35:23.568442+00:00
Google Flights via SerpApi,AMD,BOM,AMD,BOM,2026-09-12,Air India,AI 2916,2026-09-12 17:55,2026-09-12 19:40,0,105,14599.0,,,INR,,,,2026-09-11T03:35:23.568442+00:00
Google Flights via SerpApi,AMD,BOM,AMD,BOM,2026-09-12,Air India,AI 2494,2026-09-12 21:00,2026-09-12 22:40,0,100,14599.0,,,INR,,,,2026-09-11T03:35:23.568442+00:00
Google Flights via SerpApi,AMD,CCU,AMD,CCU,2026-09-12,IndiGo,6E 319,2026-09-12 22:00,2026-09-13 00:40,0,160,7034.0,,,INR,,,,2026-09-11T03:35:33.403423+00:00
Google Flights via SerpApi,AMD,CCU,AMD,CCU,2026-09-12,IndiGo,6E 6556,2026-09-12 17:10,2026-09-12 19:50,0,160,8084.0,,,INR,,,,2026-09-11T03:35:33.403423+00:00
Google Flights via SerpApi,AMD,CCU,AMD,CCU,2026-09-12,Akasa Air,QP 1927,2026-09-12 06:45,2026-09-12 09:25,0,160,8651.0,,,INR,,,,2026-09-11T03:35:33.403423+00:00
Google Flights via SerpApi,AMD,CCU,AMD,CCU,2026-09-12,IndiGo,"6E 6493, 6E 7326",2026-09-12 11:05,2026-09-12 19:05,1,480,8922.0,,,INR,,,,2026-09-11T03:35:33.403423+00:00
Google Flights via SerpApi,AMD,CCU,AMD,CCU,2026-09-12,IndiGo,6E 751,2026-09-12 09:20,2026-09-12 12:00,0,160,9344.0,,,INR,,,,2026-09-11T03:35:33.403423+00:00
Google Flights via SerpApi,AMD,CCU,AMD,CCU,2026-09-12,Air India,"AI 2546, AI 2702",2026-09-12 23:00,2026-09-13 04:50,1,350,9572.0,,,INR,,,,2026-09-11T03:35:33.403423+00:00
Google Flights via SerpApi,AMD,CCU,AMD,CCU,2026-09-12,IndiGo,"6E 6493, 6E 7251",2026-09-12 11:05,2026-09-12 17:00,1,355,9618.0,,,INR,,,,2026-09-11T03:35:33.403423+00:00
Google Flights via SerpApi,AMD,CCU,AMD,CCU,2026-09-12,Air India,"AI 2946, AI 1733",2026-09-12 09:30,2026-09-12 18:35,1,545,10874.0,,,INR,,,,2026-09-11T03:35:33.403423+00:00
Google Flights via SerpApi,AMD,CCU,AMD,CCU,2026-09-12,Air India,"AI 494, AI 2471",2026-09-12 08:45,2026-09-12 14:25,1,340,16272.0,,,INR,,,,2026-09-11T03:35:33.403423+00:00
Google Flights via SerpApi,AMD,DEL,AMD,DEL,2026-09-12,Air India,AI 2546,2026-09-12 23:00,2026-09-13 00:45,0,105,5588.0,,,INR,,,,2026-09-11T03:35:42.928214+00:00
Google Flights via SerpApi,AMD,DEL,AMD,DEL,2026-09-12,Air India,AI 882,2026-09-12 15:55,2026-09-12 17:45,0,110,6344.0,,,INR,,,,2026-09-11T03:35:42.928214+00:00
Google Flights via SerpApi,AMD,DEL,AMD,DEL,2026-09-12,IndiGo,6E 980,2026-09-12 17:05,2026-09-12 18:50,0,105,6785.0,,,INR,,,,2026-09-11T03:35:42.928214+00:00
Google Flights via SerpApi,AMD,DEL,AMD,DEL,2026-09-12,IndiGo,6E 932,2026-09-12 21:50,2026-09-12 23:30,0,100,6575.0,,,INR,,,,2026-09-11T03:35:42.928214+00:00
Google Flights via SerpApi,AMD,DEL,AMD,DEL,2026-09-12,Air India,AI 2906,2026-09-12 06:25,2026-09-12 08:15,0,110,6732.0,,,INR,,,,2026-09-11T03:35:42.928214+00:00
Google Flights via SerpApi,AMD,DEL,AMD,DEL,2026-09-12,Air India,AI 2716,2026-09-12 14:00,2026-09-12 15:35,0,95,6942.0,,,INR,,,,2026-09-11T03:35:42.928214+00:00
Google Flights via SerpApi,AMD,DEL,AMD,DEL,2026-09-12,Air India,AI 1121,2026-09-12 20:10,2026-09-12 21:55,0,105,6942.0,,,INR,,,,2026-09-11T03:35:42.928214+00:00
Google Flights via SerpApi,AMD,DEL,AMD,DEL,2026-09-12,Air India,AI 532,2026-09-12 21:30,2026-09-12 23:40,0,130,6942.0,,,INR,,,,2026-09-11T03:35:42.928214+00:00
Google Flights via SerpApi,AMD,DEL,AMD,DEL,2026-09-12,IndiGo,6E 5072,2026-09-12 14:35,2026-09-12 16:20,0,105,6995.0,,,INR,,,,2026-09-11T03:35:42.928214+00:00
Google Flights via SerpApi,AMD,DEL,AMD,DEL,2026-09-12,IndiGo,6E 2263,2026-09-12 19:25,2026-09-12 21:05,0,100,7205.0,,,INR,,,,2026-09-11T03:35:42.928214+00:00
Google Flights via SerpApi,AMD,DEL,AMD,DEL,2026-09-12,IndiGo,6E 2340,2026-09-12 12:15,2026-09-12 14:10,0,115,7415.0,,,INR,,,,2026-09-11T03:35:42.928214+00:00
Google Flights via SerpApi,AMD,DEL,AMD,DEL,2026-09-12,Air India,AI 2938,2026-09-12 18:55,2026-09-12 20:40,0,105,7520.0,,,INR,,,,2026-09-11T03:35:42.928214+00:00
Google Flights via SerpApi,AMD,DEL,AMD,DEL,2026-09-12,Air India,AI 2946,2026-09-12 09:30,2026-09-12 11:20,0,110,8255.0,,,INR,,,,2026-09-11T03:35:42.928214+00:00
Google Flights via SerpApi,AMD,DEL,AMD,DEL,2026-09-12,IndiGo,6E 2209,2026-09-12 05:00,2026-09-12 06:45,0,105,8675.0,,,INR,,,,2026-09-11T03:35:42.928214+00:00
Google Flights via SerpApi,AMD,DEL,AMD,DEL,2026-09-12,Air India,AI 1117,2026-09-12 08:25,2026-09-12 10:15,0,110,9567.0,,,INR,,,,2026-09-11T03:35:42.928214+00:00
Google Flights via SerpApi,AMD,DEL,AMD,DEL,2026-09-12,IndiGo,6E 983,2026-09-12 07:30,2026-09-12 09:15,0,105,9725.0,,,INR,,,,2026-09-11T03:35:42.928214+00:00
Google Flights via SerpApi,AMD,DEL,AMD,DEL,2026-09-12,IndiGo,6E 2179,2026-09-12 09:50,2026-09-12 11:35,0,105,9725.0,,,INR,,,,2026-09-11T03:35:42.928214+00:00
Google Flights via SerpApi,AMD,DEL,AMD,DEL,2026-09-12,IndiGo,6E 5385,2026-09-12 00:05,2026-09-12 02:00,0,115,10355.0,,,INR,,,,2026-09-11T03:35:42.928214+00:00
Google Flights via SerpApi,AMD,DEL,AMD,DEL,2026-09-12,Kuwait Airways,"KU 348, KU 381",2026-09-12 04:00,2026-09-13 01:30,1,1290,30886.0,,,INR,,,,2026-09-11T03:35:42.928214+00:00
Google Flights via SerpApi,AMD,DEL,AMD,DEL,2026-09-12,Etihad,"EY 247, EY 214",2026-09-12 05:40,2026-09-12 14:10,1,510,63667.0,,,INR,,,,2026-09-11T03:35:42.928214+00:00
Google Flights via SerpApi,AMD,IXB,AMD,IXB,2026-09-12,IndiGo,"6E 319, 6E 6785",2026-09-12 22:00,2026-09-13 09:00,1,660,8769.0,,,INR,,,,2026-09-11T03:35:47.650322+00:00
Google Flights via SerpApi,AMD,IXB,AMD,IXB,2026-09-12,"Air India, Air India Express","AI 2546, IX 1067",2026-09-12 23:00,2026-09-13 08:15,1,555,10529.0,,,INR,,,,2026-09-11T03:35:47.650322+00:00
Google Flights via SerpApi,AMD,IXB,AMD,IXB,2026-09-12,Akasa Air,"QP 1194, QP 1131",2026-09-12 04:50,2026-09-12 13:15,1,505,12405.0,,,INR,,,,2026-09-11T03:35:47.650322+00:00
Google Flights via SerpApi,AMD,IXB,AMD,IXB,2026-09-12,IndiGo,"6E 751, 6E 6134",2026-09-12 09:20,2026-09-12 17:35,1,495,11969.0,,,INR,,,,2026-09-11T03:35:47.650322+00:00
Google Flights via SerpApi,AMD,IXB,AMD,IXB,2026-09-12,IndiGo,"6E 2340, 6E 2403",2026-09-12 12:15,2026-09-12 19:00,1,405,12105.0,,,INR,,,,2026-09-11T03:35:47.650322+00:00
Google Flights via SerpApi,AMD,IXB,AMD,IXB,2026-09-12,"Air India, Air India Express","AI 2946, IX 1179",2026-09-12 09:30,2026-09-12 19:15,1,585,13133.0,,,INR,,,,2026-09-11T03:35:47.650322+00:00
Google Flights via SerpApi,AMD,IXB,AMD,IXB,2026-09-12,IndiGo,"6E 2209, 6E 5307",2026-09-12 05:00,2026-09-12 12:50,1,470,13856.0,,,INR,,,,2026-09-11T03:35:47.650322+00:00
Google Flights via SerpApi,AMD,IXB,AMD,IXB,2026-09-12,IndiGo,"6E 2179, 6E 6378",2026-09-12 09:50,2026-09-12 16:40,1,410,14305.0,,,INR,,,,2026-09-11T03:35:47.650322+00:00
Google Flights via SerpApi,AMD,IXB,AMD,IXB,2026-09-12,IndiGo,"6E 751, 6E 751",2026-09-12 09:20,2026-09-12 13:45,1,265,20395.0,,,INR,,,,2026-09-11T03:35:47.650322+00:00
Google Flights via SerpApi,AMD,IXB,AMD,IXB,2026-09-12,"Air India, Air India Express","AI 494, IX 1176",2026-09-12 08:45,2026-09-12 14:20,1,335,26744.0,,,INR,,,,2026-09-11T03:35:47.650322+00:00
Google Flights via SerpApi,AMD,JLG,AMD,JLG,2026-09-12,Alliance Air,9I 609,2026-09-12 17:15,2026-09-12 18:35,0,80,2297.0,,,INR,,,,2026-09-11T03:36:08.430293+00:00
Google Flights via SerpApi,AMD,MAA,AMD,MAA,2026-09-12,IndiGo,6E 6539,2026-09-12 16:50,2026-09-12 19:15,0,145,10762.0,,,INR,,,,2026-09-11T03:36:13.317630+00:00
Google Flights via SerpApi,AMD,MAA,AMD,MAA,2026-09-12,IndiGo,6E 348,2026-09-12 21:45,2026-09-13 00:15,0,150,12022.0,,,INR,,,,2026-09-11T03:36:13.317630+00:00
Google Flights via SerpApi,AMD,MAA,AMD,MAA,2026-09-12,IndiGo,"6E 5139, 6E 5105",2026-09-12 17:05,2026-09-12 21:30,1,265,12498.0,,,INR,,,,2026-09-11T03:36:13.317630+00:00
Google Flights via SerpApi,AMD,MAA,AMD,MAA,2026-09-12,IndiGo,"6E 6468, 6E 5337",2026-09-12 09:00,2026-09-12 15:50,1,410,12498.0,,,INR,,,,2026-09-11T03:36:13.317630+00:00
Google Flights via SerpApi,AMD,MAA,AMD,MAA,2026-09-12,IndiGo,"6E 5078, 6E 5196",2026-09-12 10:55,2026-09-12 17:30,1,395,12498.0,,,INR,,,,2026-09-11T03:36:13.317630+00:00
Google Flights via SerpApi,AMD,MAA,AMD,MAA,2026-09-12,IndiGo,"6E 6351, 6E 5188",2026-09-12 23:15,2026-09-13 08:20,1,545,12498.0,,,INR,,,,2026-09-11T03:36:13.317630+00:00
Google Flights via SerpApi,AMD,MAA,AMD,MAA,2026-09-12,IndiGo,"6E 863, 6E 6077",2026-09-12 16:55,2026-09-12 21:25,1,270,13145.0,,,INR,,,,2026-09-11T03:36:13.317630+00:00
Google Flights via SerpApi,AMD,MAA,AMD,MAA,2026-09-12,IndiGo,"6E 823, 6E 6208",2026-09-12 08:20,2026-09-12 13:55,1,335,13505.0,,,INR,,,,2026-09-11T03:36:13.317630+00:00
Google Flights via SerpApi,AMD,MAA,AMD,MAA,2026-09-12,IndiGo,6E 479,2026-09-12 06:50,2026-09-12 09:15,0,145,17797.0,,,INR,,,,2026-09-11T03:36:13.317630+00:00
Google Flights via SerpApi,AMD,MAA,AMD,MAA,2026-09-12,Kuwait Airways,"KU 348, KU 343",2026-09-12 04:00,2026-09-13 02:25,1,1345,44075.0,,,INR,,,,2026-09-11T03:36:13.317630+00:00
Google Flights via SerpApi,AMD,MAA,AMD,MAA,2026-09-12,"Etihad, Akasa Air","EY 241, QP 587",2026-09-12 21:20,2026-09-13 14:40,1,1040,50710.0,,,INR,,,,2026-09-11T03:36:13.317630+00:00
Google Flights via SerpApi,AMD,MAA,AMD,MAA,2026-09-12,"Etihad, Akasa Air","EY 247, QP 587",2026-09-12 05:40,2026-09-12 15:05,1,565,52417.0,,,INR,,,,2026-09-11T03:36:13.317630+00:00
Google Flights via SerpApi,AMD,PNQ,AMD,PNQ,2026-09-12,Akasa Air,QP 1911,2026-09-12 05:45,2026-09-12 07:10,0,85,10620.0,,,INR,,,,2026-09-11T03:37:48.671468+00:00
Google Flights via SerpApi,AMD,PNQ,AMD,PNQ,2026-09-12,Akasa Air,QP 1917,2026-09-12 20:40,2026-09-12 22:10,0,90,12749.0,,,INR,,,,2026-09-11T03:37:48.671468+00:00
Google Flights via SerpApi,AMD,PNQ,AMD,PNQ,2026-09-12,IndiGo,6E 699,2026-09-12 02:40,2026-09-12 03:50,0,70,13933.0,,,INR,,,,2026-09-11T03:37:48.671468+00:00
Google Flights via SerpApi,AMD,PNQ,AMD,PNQ,2026-09-12,IndiGo,"6E 7187, 6E 120",2026-09-12 20:10,2026-09-13 04:35,1,505,10419.0,,,INR,,,,2026-09-11T03:37:48.671468+00:00
Google Flights via SerpApi,AMD,PNQ,AMD,PNQ,2026-09-12,Air India,"AI 2546, AI 2711",2026-09-12 23:00,2026-09-13 04:15,1,315,12223.0,,,INR,,,,2026-09-11T03:37:48.671468+00:00
Google Flights via SerpApi,AMD,PNQ,AMD,PNQ,2026-09-12,IndiGo,6E 2154,2026-09-12 06:40,2026-09-12 08:10,0,90,15644.0,,,INR,,,,2026-09-11T03:37:48.671468+00:00
Google Flights via SerpApi,AMD,PNQ,AMD,PNQ,2026-09-12,Air India,"AI 2716, AI 2547",2026-09-12 14:00,2026-09-12 19:50,1,350,15719.0,,,INR,,,,2026-09-11T03:37:48.671468+00:00
Google Flights via SerpApi,AMD,PNQ,AMD,PNQ,2026-09-12,IndiGo,6E 794,2026-09-12 20:45,2026-09-12 22:00,0,75,17786.0,,,INR,,,,2026-09-11T03:37:48.671468+00:00
Google Flights via SerpApi,AMD,PXN,AMD,PXN,2026-09-12,IndiGo,"6E 2209, 6E 6175",2026-09-12 05:00,2026-09-12 13:00,1,480,11486.0,,,INR,,,,2026-09-11T03:37:56.251522+00:00
Google Flights via SerpApi,AMD,PXN,AMD,PXN,2026-09-12,IndiGo,"6E 983, 6E 6175",2026-09-12 07:30,2026-09-12 13:00,1,330,13401.0,,,INR,,,,2026-09-11T03:37:56.251522+00:00
Google Flights via SerpApi,AMD,PXN,AMD,PXN,2026-09-12,Star Air,S5 618,2026-09-12 06:15,2026-09-12 08:45,0,150,20509.0,,,INR,,,,2026-09-11T03:37:56.251522+00:00
Google Flights via SerpApi,BLR,AMD,BLR,AMD,2026-09-12,IndiGo,6E 6423,2026-09-12 20:00,2026-09-12 22:10,0,130,8148.0,,,INR,,,,2026-09-11T03:38:04.016089+00:00
Google Flights via SerpApi,BLR,AMD,BLR,AMD,2026-09-12,Air India Express,IX 2001,2026-09-12 06:15,2026-09-12 08:20,0,125,9467.0,,,INR,,,,2026-09-11T03:38:04.016089+00:00
Google Flights via SerpApi,BLR,AMD,BLR,AMD,2026-09-12,Akasa Air,QP 1906,2026-09-12 21:40,2026-09-12 23:50,0,130,10286.0,,,INR,,,,2026-09-11T03:38:04.016089+00:00
Google Flights via SerpApi,BLR,AMD,BLR,AMD,2026-09-12,Air India,"AI 2811, AI 2847",2026-09-12 23:40,2026-09-13 11:25,1,705,7476.0,,,INR,,,,2026-09-11T03:38:04.016089+00:00
Google Flights via SerpApi,BLR,AMD,BLR,AMD,2026-09-12,Air India,"AI 2630, AI 2493",2026-09-12 12:05,2026-09-12 19:40,1,455,8194.0,,,INR,,,,2026-09-11T03:38:04.016089+00:00
Google Flights via SerpApi,BLR,AMD,BLR,AMD,2026-09-12,Air India,"AI 2811, AI 493",2026-09-12 23:40,2026-09-13 07:50,1,490,8194.0,,,INR,,,,2026-09-11T03:38:04.016089+00:00
Google Flights via SerpApi,BLR,AMD,BLR,AMD,2026-09-12,IndiGo,"6E 6178, 6E 134",2026-09-12 06:25,2026-09-12 10:35,1,250,9509.0,,,INR,,,,2026-09-11T03:38:04.016089+00:00
Google Flights via SerpApi,BLR,AMD,BLR,AMD,2026-09-12,IndiGo,6E 586,2026-09-12 05:10,2026-09-12 07:20,0,130,10143.0,,,INR,,,,2026-09-11T03:38:04.016089+00:00
Google Flights via SerpApi,BLR,AMD,BLR,AMD,2026-09-12,IndiGo,6E 239,2026-09-12 16:50,2026-09-12 19:00,0,130,10773.0,,,INR,,,,2026-09-11T03:38:04.016089+00:00
Google Flights via SerpApi,BLR,AMD,BLR,AMD,2026-09-12,IndiGo,6E 6595,2026-09-12 13:55,2026-09-12 16:00,0,125,12033.0,,,INR,,,,2026-09-11T03:38:04.016089+00:00
Google Flights via SerpApi,BLR,BOM,BLR,BOM,2026-09-12,Air India,AI 2811,2026-09-12 23:40,2026-09-13 01:45,0,125,7735.0,,,INR,,,,2026-09-11T03:38:13.951312+00:00
Google Flights via SerpApi,BLR,BOM,BLR,BOM,2026-09-12,Akasa Air,QP 1134,2026-09-12 22:55,2026-09-13 00:45,0,110,9263.0,,,INR,,,,2026-09-11T03:38:13.951312+00:00
Google Flights via SerpApi,BLR,BOM,BLR,BOM,2026-09-12,IndiGo,6E 5376,2026-09-12 20:15,2026-09-12 22:00,0,105,10552.0,,,INR,,,,2026-09-11T03:38:13.951312+00:00
Google Flights via SerpApi,BLR,BOM,BLR,BOM,2026-09-12,IndiGo,"6E 6208, 6E 5104",2026-09-12 12:50,2026-09-12 18:40,1,350,7544.0,,,INR,,,,2026-09-11T03:38:13.951312+00:00
Google Flights via SerpApi,BLR,BOM,BLR,BOM,2026-09-12,IndiGo,"6E 239, 6E 868",2026-09-12 16:50,2026-09-12 23:00,1,370,7544.0,,,INR,,,,2026-09-11T03:38:13.951312+00:00
Google Flights via SerpApi,BLR,BOM,BLR,BOM,2026-09-12,IndiGo,"6E 6077, 6E 6225",2026-09-12 20:20,2026-09-13 00:30,1,250,7544.0,,,INR,,,,2026-09-11T03:38:13.951312+00:00
Google Flights via SerpApi,BLR,BOM,BLR,BOM,2026-09-12,Air India,AI 2642,2026-09-12 21:30,2026-09-12 23:35,0,125,9032.0,,,INR,,,,2026-09-11T03:38:13.951312+00:00
Google Flights via SerpApi,BLR,BOM,BLR,BOM,2026-09-12,Air India,AI 2840,2026-09-12 22:30,2026-09-13 00:35,0,125,9032.0,,,INR,,,,2026-09-11T03:38:13.951312+00:00
Google Flights via SerpApi,BLR,BOM,BLR,BOM,2026-09-12,Air India,AI 2858,2026-09-12 02:20,2026-09-12 04:10,0,110,10517.0,,,INR,,,,2026-09-11T03:38:13.951312+00:00
Google Flights via SerpApi,BLR,BOM,BLR,BOM,2026-09-12,Air India,AI 2402,2026-09-12 06:35,2026-09-12 08:35,0,120,10517.0,,,INR,,,,2026-09-11T03:38:13.951312+00:00
Google Flights via SerpApi,BLR,BOM,BLR,BOM,2026-09-12,Air India,AI 2411,2026-09-12 08:20,2026-09-12 10:20,0,120,10517.0,,,INR,,,,2026-09-11T03:38:13.951312+00:00
Google Flights via SerpApi,BLR,BOM,BLR,BOM,2026-09-12,Air India,AI 2850,2026-09-12 20:30,2026-09-12 22:40,0,130,10706.0,,,INR,,,,2026-09-11T03:38:13.951312+00:00
Google Flights via SerpApi,BLR,BOM,BLR,BOM,2026-09-12,Akasa Air,QP 1383,2026-09-12 05:25,2026-09-12 07:10,0,105,10853.0,,,INR,,,,2026-09-11T03:38:13.951312+00:00
Google Flights via SerpApi,BLR,BOM,BLR,BOM,2026-09-12,Air India,AI 2610,2026-09-12 19:00,2026-09-12 21:05,0,125,10890.0,,,INR,,,,2026-09-11T03:38:13.951312+00:00
Google Flights via SerpApi,BLR,BOM,BLR,BOM,2026-09-12,IndiGo,6E 5255,2026-09-12 17:25,2026-09-12 19:05,0,100,11182.0,,,INR,,,,2026-09-11T03:38:13.951312+00:00
Google Flights via SerpApi,BLR,BOM,BLR,BOM,2026-09-12,IndiGo,6E 6283,2026-09-12 19:05,2026-09-12 20:40,0,95,11182.0,,,INR,,,,2026-09-11T03:38:13.951312+00:00
Google Flights via SerpApi,BLR,BOM,BLR,BOM,2026-09-12,Akasa Air,QP 1528,2026-09-12 10:20,2026-09-12 12:10,0,110,11760.0,,,INR,,,,2026-09-11T03:38:13.951312+00:00
Google Flights via SerpApi,BLR,BOM,BLR,BOM,2026-09-12,IndiGo,6E 5216,2026-09-12 07:25,2026-09-12 09:10,0,105,11917.0,,,INR,,,,2026-09-11T03:38:13.951312+00:00
Google Flights via SerpApi,BLR,BOM,BLR,BOM,2026-09-12,IndiGo,6E 5051,2026-09-12 08:30,2026-09-12 10:15,0,105,11917.0,,,INR,,,,2026-09-11T03:38:13.951312+00:00
Google Flights via SerpApi,BLR,BOM,BLR,BOM,2026-09-12,IndiGo,6E 5351,2026-09-12 14:20,2026-09-12 16:05,0,105,11917.0,,,INR,,,,2026-09-11T03:38:13.951312+00:00
Google Flights via SerpApi,BLR,BOM,BLR,BOM,2026-09-12,IndiGo,6E 5031,2026-09-12 16:00,2026-09-12 17:45,0,105,11917.0,,,INR,,,,2026-09-11T03:38:13.951312+00:00
Google Flights via SerpApi,BLR,BOM,BLR,BOM,2026-09-12,Akasa Air,QP 1381,2026-09-12 04:50,2026-09-12 06:45,0,115,12247.0,,,INR,,,,2026-09-11T03:38:13.951312+00:00
Google Flights via SerpApi,BLR,BOM,BLR,BOM,2026-09-12,Akasa Air,QP 1515,2026-09-12 06:20,2026-09-12 08:00,0,100,12247.0,,,INR,,,,2026-09-11T03:38:13.951312+00:00
Google Flights via SerpApi,BLR,BOM,BLR,BOM,2026-09-12,Akasa Air,QP 1517,2026-09-12 07:40,2026-09-12 09:25,0,105,12247.0,,,INR,,,,2026-09-11T03:38:13.951312+00:00
Google Flights via SerpApi,BLR,BOM,BLR,BOM,2026-09-12,IndiGo,6E 5089,2026-09-12 05:30,2026-09-12 07:15,0,105,12354.0,,,INR,,,,2026-09-11T03:38:13.951312+00:00
Google Flights via SerpApi,BLR,BOM,BLR,BOM,2026-09-12,Air India,AI 2604,2026-09-12 09:15,2026-09-12 11:15,0,120,12633.0,,,INR,,,,2026-09-11T03:38:13.951312+00:00
Google Flights via SerpApi,BLR,BOM,BLR,BOM,2026-09-12,IndiGo,6E 5237,2026-09-12 10:15,2026-09-12 12:05,0,110,12652.0,,,INR,,,,2026-09-11T03:38:13.951312+00:00
Google Flights via SerpApi,BLR,BOM,BLR,BOM,2026-09-12,IndiGo,6E 5218,2026-09-12 13:00,2026-09-12 14:50,0,110,12652.0,,,INR,,,,2026-09-11T03:38:13.951312+00:00
Google Flights via SerpApi,BLR,BOM,BLR,BOM,2026-09-12,IndiGo,6E 5205,2026-09-12 03:45,2026-09-12 05:30,0,105,13404.0,,,INR,,,,2026-09-11T03:38:13.951312+00:00
Google Flights via SerpApi,BLR,BOM,BLR,BOM,2026-09-12,IndiGo,6E 5069,2026-09-12 11:30,2026-09-12 13:20,0,110,13492.0,,,INR,,,,2026-09-11T03:38:13.951312+00:00
Google Flights via SerpApi,BLR,BOM,BLR,BOM,2026-09-12,Air India,AI 2852,2026-09-12 10:30,2026-09-12 12:35,0,125,14691.0,,,INR,,,,2026-09-11T03:38:13.951312+00:00
Google Flights via SerpApi,BLR,BOM,BLR,BOM,2026-09-12,Air India,AI 2854,2026-09-12 18:05,2026-09-12 20:05,0,120,14822.0,,,INR,,,,2026-09-11T03:38:13.951312+00:00
Google Flights via SerpApi,BLR,BOM,BLR,BOM,2026-09-12,IndiGo,6E 5293,2026-09-12 01:00,2026-09-12 02:50,0,110,16186.0,,,INR,,,,2026-09-11T03:38:13.951312+00:00
Google Flights via SerpApi,BLR,BOM,BLR,BOM,2026-09-12,Air India,AI 3306,2026-09-12 02:25,2026-09-12 04:25,0,120,19164.0,,,INR,,,,2026-09-11T03:38:13.951312+00:00
Google Flights via SerpApi,BLR,BOM,BLR,BOM,2026-09-12,Air India,AI 2630,2026-09-12 12:05,2026-09-12 14:05,0,120,19521.0,,,INR,,,,2026-09-11T03:38:13.951312+00:00
Google Flights via SerpApi,BLR,DEL,BLR,DEL,2026-09-12,Air India,AI 428,2026-09-12 15:30,2026-09-12 18:15,0,165,8872.0,,,INR,,,,2026-09-11T03:38:18.981078+00:00
Google Flights via SerpApi,BLR,DEL,BLR,DEL,2026-09-12,IndiGo,6E 840,2026-09-12 13:55,2026-09-12 16:45,0,170,10273.0,,,INR,,,,2026-09-11T03:38:18.981078+00:00
Google Flights via SerpApi,BLR,DEL,BLR,DEL,2026-09-12,Akasa Air,QP 1307,2026-09-12 17:20,2026-09-12 20:15,0,175,10329.0,,,INR,,,,2026-09-11T03:38:18.981078+00:00
Google Flights via SerpApi,BLR,DEL,BLR,DEL,2026-09-12,Air India,AI 2418,2026-09-12 16:30,2026-09-12 19:25,0,175,9591.0,,,INR,,,,2026-09-11T03:38:18.981078+00:00
Google Flights via SerpApi,BLR,DEL,BLR,DEL,2026-09-12,Air India,AI 2511,2026-09-12 15:00,2026-09-12 18:00,0,180,9743.0,,,INR,,,,2026-09-11T03:38:18.981078+00:00
Google Flights via SerpApi,BLR,DEL,BLR,DEL,2026-09-12,Air India Express,"IX 1541, IX 1167",2026-09-12 19:05,2026-09-13 09:05,1,840,9794.0,,,INR,,,,2026-09-11T03:38:18.981078+00:00
Google Flights via SerpApi,BLR,DEL,BLR,DEL,2026-09-12,Air India,AI 2820,2026-09-12 17:25,2026-09-12 20:30,0,185,9880.0,,,INR,,,,2026-09-11T03:38:18.981078+00:00
Google Flights via SerpApi,BLR,DEL,BLR,DEL,2026-09-12,Air India,AI 2665,2026-09-12 19:40,2026-09-12 22:40,0,180,9880.0,,,INR,,,,2026-09-11T03:38:18.981078+00:00
Google Flights via SerpApi,BLR,DEL,BLR,DEL,2026-09-12,Air India,AI 2488,2026-09-12 22:30,2026-09-13 01:25,0,175,9880.0,,,INR,,,,2026-09-11T03:38:18.981078+00:00
Google Flights via SerpApi,BLR,DEL,BLR,DEL,2026-09-12,IndiGo,"6E 6595, 6E 980",2026-09-12 13:55,2026-09-12 18:50,1,295,9934.0,,,INR,,,,2026-09-11T03:38:18.981078+00:00
Google Flights via SerpApi,BLR,DEL,BLR,DEL,2026-09-12,Air India,AI 2818,2026-09-12 20:00,2026-09-12 22:45,0,165,10042.0,,,INR,,,,2026-09-11T03:38:18.981078+00:00
Google Flights via SerpApi,BLR,DEL,BLR,DEL,2026-09-12,Air India,AI 2802,2026-09-12 18:20,2026-09-12 21:10,0,170,10126.0,,,INR,,,,2026-09-11T03:38:18.981078+00:00
Google Flights via SerpApi,BLR,DEL,BLR,DEL,2026-09-12,IndiGo,6E 6039,2026-09-12 17:00,2026-09-12 19:50,0,170,10273.0,,,INR,,,,2026-09-11T03:38:18.981078+00:00
Google Flights via SerpApi,BLR,DEL,BLR,DEL,2026-09-12,IndiGo,6E 6034,2026-09-12 18:15,2026-09-12 21:05,0,170,10273.0,,,INR,,,,2026-09-11T03:38:18.981078+00:00
Google Flights via SerpApi,BLR,DEL,BLR,DEL,2026-09-12,IndiGo,6E 817,2026-09-12 20:40,2026-09-12 23:30,0,170,10273.0,,,INR,,,,2026-09-11T03:38:18.981078+00:00
Google Flights via SerpApi,BLR,DEL,BLR,DEL,2026-09-12,IndiGo,6E 2313,2026-09-12 23:30,2026-09-13 02:20,0,170,10273.0,,,INR,,,,2026-09-11T03:38:18.981078+00:00
Google Flights via SerpApi,BLR,DEL,BLR,DEL,2026-09-12,IndiGo,6E 869,2026-09-12 13:10,2026-09-12 16:05,0,175,10864.0,,,INR,,,,2026-09-11T03:38:18.981078+00:00
Google Flights via SerpApi,BLR,DEL,BLR,DEL,2026-09-12,IndiGo,6E 860,2026-09-12 15:45,2026-09-12 18:35,0,170,10864.0,,,INR,,,,2026-09-11T03:38:18.981078+00:00
Google Flights via SerpApi,BLR,DEL,BLR,DEL,2026-09-12,IndiGo,6E 870,2026-09-12 19:30,2026-09-12 22:15,0,165,10864.0,,,INR,,,,2026-09-11T03:38:18.981078+00:00
Google Flights via SerpApi,BLR,DEL,BLR,DEL,2026-09-12,Air India Express,IX 1040,2026-09-12 14:40,2026-09-12 17:30,0,170,11060.0,,,INR,,,,2026-09-11T03:38:18.981078+00:00
Google Flights via SerpApi,BLR,DEL,BLR,DEL,2026-09-12,Akasa Air,QP 1821,2026-09-12 13:10,2026-09-12 16:00,0,170,11488.0,,,INR,,,,2026-09-11T03:38:18.981078+00:00
Google Flights via SerpApi,BLR,DEL,BLR,DEL,2026-09-12,Air India,AI 2486,2026-09-12 14:00,2026-09-12 16:45,0,165,11953.0,,,INR,,,,2026-09-11T03:38:18.981078+00:00
Google Flights via SerpApi,BLR,DEL,BLR,DEL,2026-09-12,Air India,AI 2804,2026-09-12 10:00,2026-09-12 13:00,0,180,12862.0,,,INR,,,,2026-09-11T03:38:18.981078+00:00
Google Flights via SerpApi,BLR,DEL,BLR,DEL,2026-09-12,IndiGo,6E 809,2026-09-12 12:00,2026-09-12 14:50,0,170,12886.0,,,INR,,,,2026-09-11T03:38:18.981078+00:00
Google Flights via SerpApi,BLR,DEL,BLR,DEL,2026-09-12,IndiGo,6E 849,2026-09-12 08:15,2026-09-12 11:05,0,170,13653.0,,,INR,,,,2026-09-11T03:38:18.981078+00:00
Google Flights via SerpApi,BLR,DEL,BLR,DEL,2026-09-12,IndiGo,6E 175,2026-09-12 10:45,2026-09-12 13:35,0,170,13653.0,,,INR,,,,2026-09-11T03:38:18.981078+00:00
Google Flights via SerpApi,BLR,DEL,BLR,DEL,2026-09-12,Air India,AI 2868,2026-09-12 09:00,2026-09-12 12:00,0,180,13843.0,,,INR,,,,2026-09-11T03:38:18.981078+00:00
Google Flights via SerpApi,BLR,DEL,BLR,DEL,2026-09-12,Akasa Air,QP 1823,2026-09-12 06:05,2026-09-12 08:50,0,165,14267.0,,,INR,,,,2026-09-11T03:38:18.981078+00:00
Google Flights via SerpApi,BLR,DEL,BLR,DEL,2026-09-12,IndiGo,6E 804,2026-09-12 03:00,2026-09-12 05:50,0,170,14472.0,,,INR,,,,2026-09-11T03:38:18.981078+00:00
Google Flights via SerpApi,BLR,DEL,BLR,DEL,2026-09-12,IndiGo,6E 836,2026-09-12 05:05,2026-09-12 07:55,0,170,14472.0,,,INR,,,,2026-09-11T03:38:18.981078+00:00
Google Flights via SerpApi,BLR,DEL,BLR,DEL,2026-09-12,IndiGo,6E 844,2026-09-12 07:00,2026-09-12 09:50,0,170,14472.0,,,INR,,,,2026-09-11T03:38:18.981078+00:00
Google Flights via SerpApi,BLR,DEL,BLR,DEL,2026-09-12,IndiGo,6E 830,2026-09-12 09:30,2026-09-12 12:30,0,180,14472.0,,,INR,,,,2026-09-11T03:38:18.981078+00:00
Google Flights via SerpApi,BLR,DEL,BLR,DEL,2026-09-12,Akasa Air,QP 1359,2026-09-12 05:00,2026-09-12 07:50,0,170,14795.0,,,INR,,,,2026-09-11T03:38:18.981078+00:00
Google Flights via SerpApi,BLR,DEL,BLR,DEL,2026-09-12,Air India,AI 2654,2026-09-12 07:00,2026-09-12 10:00,0,180,15224.0,,,INR,,,,2026-09-11T03:38:18.981078+00:00
Google Flights via SerpApi,BLR,DEL,BLR,DEL,2026-09-12,Akasa Air,QP 1811,2026-09-12 04:10,2026-09-12 07:00,0,170,15347.0,,,INR,,,,2026-09-11T03:38:18.981078+00:00
Google Flights via SerpApi,BLR,DEL,BLR,DEL,2026-09-12,Air India,AI 2810,2026-09-12 06:00,2026-09-12 08:45,0,165,15361.0,,,INR,,,,2026-09-11T03:38:18.981078+00:00
Google Flights via SerpApi,BLR,DEL,BLR,DEL,2026-09-12,Air India,AI 2414,2026-09-12 05:30,2026-09-12 08:25,0,175,15907.0,,,INR,,,,2026-09-11T03:38:18.981078+00:00
Google Flights via SerpApi,BLR,DEL,BLR,DEL,2026-09-12,Air India,AI 2406,2026-09-12 11:00,2026-09-12 14:00,0,180,15907.0,,,INR,,,,2026-09-11T03:38:18.981078+00:00
Google Flights via SerpApi,BLR,DEL,BLR,DEL,2026-09-12,Air India Express,IX 5976,2026-09-12 01:15,2026-09-12 04:10,0,175,16193.0,,,INR,,,,2026-09-11T03:38:18.981078+00:00
Google Flights via SerpApi,BLR,DEL,BLR,DEL,2026-09-12,Air India,AI 2758,2026-09-12 00:15,2026-09-12 03:10,0,175,47089.0,,,INR,,,,2026-09-11T03:38:18.981078+00:00
Google Flights via SerpApi,BLR,GOX,BLR,GOX,2026-09-12,IndiGo,6E 6526,2026-09-12 21:30,2026-09-12 22:45,0,75,6873.0,,,INR,,,,2026-09-11T03:38:23.895988+00:00
Google Flights via SerpApi,BLR,GOX,BLR,GOX,2026-09-12,IndiGo,"6E 6178, 6E 905",2026-09-12 06:25,2026-09-12 13:05,1,400,12355.0,,,INR,,,,2026-09-11T03:38:23.895988+00:00
Google Flights via SerpApi,BLR,GOX,BLR,GOX,2026-09-12,IndiGo,6E 6583,2026-09-12 10:40,2026-09-12 11:45,0,65,16485.0,,,INR,,,,2026-09-11T03:38:23.895988+00:00
Google Flights via SerpApi,BLR,GOX,BLR,GOX,2026-09-12,Air India Express,"IX 1723, IX 2745",2026-09-12 22:40,2026-09-13 12:00,1,800,12118.0,,,INR,,,,2026-09-11T03:38:23.895988+00:00
Google Flights via SerpApi,BLR,GOX,BLR,GOX,2026-09-12,IndiGo,"6E 6178, 6E 6471",2026-09-12 06:25,2026-09-12 12:15,1,350,14553.0,,,INR,,,,2026-09-11T03:38:23.895988+00:00
Google Flights via SerpApi,BLR,GOX,BLR,GOX,2026-09-12,Akasa Air,"QP 1528, QP 1175",2026-09-12 10:20,2026-09-12 19:50,1,570,15751.0,,,INR,,,,2026-09-11T03:38:23.895988+00:00
Google Flights via SerpApi,BLR,GOX,BLR,GOX,2026-09-12,Air India Express,"IX 1040, IX 1817",2026-09-12 14:40,2026-09-12 22:05,1,445,24228.0,,,INR,,,,2026-09-11T03:38:23.895988+00:00
Google Flights via SerpApi,BLR,GOX,BLR,GOX,2026-09-12,"Air India, Air India Express","AI 2486, IX 1817",2026-09-12 14:00,2026-09-12 22:05,1,485,26323.0,,,INR,,,,2026-09-11T03:38:23.895988+00:00
Google Flights via SerpApi,BLR,GOX,BLR,GOX,2026-09-12,Akasa Air,"QP 1517, QP 1105",2026-09-12 07:40,2026-09-12 14:30,1,410,29031.0,,,INR,,,,2026-09-11T03:38:23.895988+00:00
Google Flights via SerpApi,BLR,HYD,BLR,HYD,2026-09-12,Air India Express,IX 1723,2026-09-12 22:40,2026-09-12 23:50,0,70,7026.0,,,INR,,,,2026-09-11T03:38:31.216497+00:00
Google Flights via SerpApi,BLR,HYD,BLR,HYD,2026-09-12,Air India Express,IX 2506,2026-09-12 17:15,2026-09-12 18:40,0,85,8289.0,,,INR,,,,2026-09-11T03:38:31.216497+00:00
Google Flights via SerpApi,BLR,HYD,BLR,HYD,2026-09-12,IndiGo,6E 6067,2026-09-12 16:30,2026-09-12 17:45,0,75,9570.0,,,INR,,,,2026-09-11T03:38:31.216497+00:00
Google Flights via SerpApi,BLR,HYD,BLR,HYD,2026-09-12,IndiGo,"6E 6445, 6E 6235",2026-09-12 10:25,2026-09-12 15:25,1,300,7327.0,,,INR,,,,2026-09-11T03:38:31.216497+00:00
Google Flights via SerpApi,BLR,HYD,BLR,HYD,2026-09-12,IndiGo,"6E 6208, 6E 6158",2026-09-12 12:50,2026-09-12 17:25,1,275,7327.0,,,INR,,,,2026-09-11T03:38:31.216497+00:00
Google Flights via SerpApi,BLR,HYD,BLR,HYD,2026-09-12,IndiGo,"6E 6542, 6E 764",2026-09-12 13:10,2026-09-12 17:30,1,260,7327.0,,,INR,,,,2026-09-11T03:38:31.216497+00:00
Google Flights via SerpApi,BLR,HYD,BLR,HYD,2026-09-12,IndiGo,"6E 6168, 6E 6177",2026-09-12 17:40,2026-09-12 21:15,1,215,7327.0,,,INR,,,,2026-09-11T03:38:31.216497+00:00
Google Flights via SerpApi,BLR,HYD,BLR,HYD,2026-09-12,IndiGo,"6E 6017, 6E 6487",2026-09-12 18:15,2026-09-12 22:40,1,265,7327.0,,,INR,,,,2026-09-11T03:38:31.216497+00:00
Google Flights via SerpApi,BLR,HYD,BLR,HYD,2026-09-12,Air India Express,IX 2018,2026-09-12 06:05,2026-09-12 07:25,0,80,9447.0,,,INR,,,,2026-09-11T03:38:31.216497+00:00
Google Flights via SerpApi,BLR,HYD,BLR,HYD,2026-09-12,Air India Express,IX 2819,2026-09-12 12:30,2026-09-12 13:50,0,80,9447.0,,,INR,,,,2026-09-11T03:38:31.216497+00:00
Google Flights via SerpApi,BLR,HYD,BLR,HYD,2026-09-12,IndiGo,6E 6784,2026-09-12 21:30,2026-09-12 22:45,0,75,9570.0,,,INR,,,,2026-09-11T03:38:31.216497+00:00
Google Flights via SerpApi,BLR,HYD,BLR,HYD,2026-09-12,IndiGo,6E 638,2026-09-12 18:35,2026-09-12 19:45,0,70,10443.0,,,INR,,,,2026-09-11T03:38:31.216497+00:00
Google Flights via SerpApi,BLR,HYD,BLR,HYD,2026-09-12,IndiGo,6E 407,2026-09-12 14:50,2026-09-12 16:05,0,75,11406.0,,,INR,,,,2026-09-11T03:38:31.216497+00:00
Google Flights via SerpApi,BLR,HYD,BLR,HYD,2026-09-12,IndiGo,6E 855,2026-09-12 19:45,2026-09-12 21:00,0,75,12468.0,,,INR,,,,2026-09-11T03:38:31.216497+00:00
Google Flights via SerpApi,BLR,HYD,BLR,HYD,2026-09-12,IndiGo,6E 6178,2026-09-12 06:25,2026-09-12 07:35,0,70,13641.0,,,INR,,,,2026-09-11T03:38:31.216497+00:00
Google Flights via SerpApi,BLR,HYD,BLR,HYD,2026-09-12,IndiGo,6E 484,2026-09-12 08:15,2026-09-12 09:30,0,75,14935.0,,,INR,,,,2026-09-11T03:38:31.216497+00:00
Google Flights via SerpApi,BLR,HYD,BLR,HYD,2026-09-12,IndiGo,6E 312,2026-09-12 09:15,2026-09-12 10:30,0,75,14935.0,,,INR,,,,2026-09-11T03:38:31.216497+00:00
Google Flights via SerpApi,BLR,HYD,BLR,HYD,2026-09-12,IndiGo,6E 537,2026-09-12 10:15,2026-09-12 11:30,0,75,14935.0,,,INR,,,,2026-09-11T03:38:31.216497+00:00
Google Flights via SerpApi,BLR,HYD,BLR,HYD,2026-09-12,IndiGo,6E 6404,2026-09-12 11:35,2026-09-12 12:50,0,75,14935.0,,,INR,,,,2026-09-11T03:38:31.216497+00:00
Google Flights via SerpApi,BLR,IXA,BLR,IXA,2026-09-12,IndiGo,6E 524,2026-09-12 09:25,2026-09-12 12:20,0,175,12890.0,,,INR,,,,2026-09-11T03:38:41.395809+00:00
Google Flights via SerpApi,BLR,IXA,BLR,IXA,2026-09-12,IndiGo,"6E 503, 6E 2513",2026-09-12 10:00,2026-09-12 14:50,1,290,13819.0,,,INR,,,,2026-09-11T03:38:41.395809+00:00
Google Flights via SerpApi,BLR,IXA,BLR,IXA,2026-09-12,IndiGo,"6E 952, 6E 7418",2026-09-12 22:20,2026-09-13 08:05,1,585,13819.0,,,INR,,,,2026-09-11T03:38:41.395809+00:00
Google Flights via SerpApi,BLR,IXA,BLR,IXA,2026-09-12,IndiGo,"6E 457, 6E 6723",2026-09-12 05:15,2026-09-12 11:25,1,370,14069.0,,,INR,,,,2026-09-11T03:38:41.395809+00:00
Google Flights via SerpApi,BLR,IXX,BLR,IXX,2026-09-12,Star Air,S5 159,2026-09-12 06:55,2026-09-12 08:10,0,75,6400.0,,,INR,,,,2026-09-11T03:38:48.961159+00:00
